Year,Week,Player_A,Player_B,True_Result
2016,2016-10-24,Angelique Kerber,Simona Halep,W
2016,2016-10-24,Angelique Kerber,Madison Keys,W
2016,2016-10-24,Angelique Kerber,Dominika Cibulkova,W
2016,2016-10-24,Angelique Kerber,Agnieszka Radwanska,W
2016,2016-10-24,Angelique Kerber,Dominika Cibulkova,L
2016,2016-10-10,Angelique Kerber,Maria Sakkari,W
2016,2016-10-10,Angelique Kerber,Louisa Chirico,W
2016,2016-10-10,Angelique Kerber,Daria Gavrilova,L
2016,2016-10-03,Angelique Kerber,Katerina Siniakova,W
2016,2016-10-03,Angelique Kerber,Barbora Strycova,L
2016,2016-09-26,Angelique Kerber,Kristina Mladenovic,W
2016,2016-09-26,Angelique Kerber,Petra Kvitova,L
2016,2016-08-29,Angelique Kerber,Polona Hercog,W
2016,2016-08-29,Angelique Kerber,Mirjana Lucic-Baroni,W
2016,2016-08-29,Angelique Kerber,Catherine Bellis,W
2016,2016-08-29,Angelique Kerber,Petra Kvitova,W
2016,2016-08-29,Angelique Kerber,Roberta Vinci,W
2016,2016-08-29,Angelique Kerber,Caroline Wozniacki,W
2016,2016-08-29,Angelique Kerber,Karolina Pliskova,W
2016,2016-08-15,Angelique Kerber,Kristina Mladenovic,W
2016,2016-08-15,Angelique Kerber,Barbora Strycova,W
2016,2016-08-15,Angelique Kerber,Carla Suarez Navarro,W
2016,2016-08-15,Angelique Kerber,Simona Halep,W
2016,2016-08-15,Angelique Kerber,Karolina Pliskova,L
2016,2016-08-08,Angelique Kerber,Mariana Duque-Marino,W
2016,2016-08-08,Angelique Kerber,Eugenie Bouchard,W
2016,2016-08-08,Angelique Kerber,Samantha Stosur,W
2016,2016-08-08,Angelique Kerber,Johanna Konta,W
2016,2016-08-08,Angelique Kerber,Madison Keys,W
2016,2016-08-08,Angelique Kerber,Monica Puig,L
2016,2016-07-25,Angelique Kerber,Mirjana Lucic-Baroni,W
2016,2016-07-25,Angelique Kerber,Elina Svitolina,W
2016,2016-07-25,Angelique Kerber,Daria Kasatkina,W
2016,2016-07-25,Angelique Kerber,Simona Halep,L
2016,2016-07-18,Angelique Kerber,Cornelia Lister,W
2016,2016-07-18,Angelique Kerber,Lara Arruabarrena,L
2016,2016-06-27,Angelique Kerber,Laura Robson,W
2016,2016-06-27,Angelique Kerber,Varvara Lepchenko,W
2016,2016-06-27,Angelique Kerber,Carina Witthoeft,W
2016,2016-06-27,Angelique Kerber,Misaki Doi,W
2016,2016-06-27,Angelique Kerber,Simona Halep,W
2016,2016-06-27,Angelique Kerber,Venus Williams,W
2016,2016-06-27,Angelique Kerber,Serena Williams,L
2016,2016-06-13,Angelique Kerber,Shuai Peng,W
2016,2016-06-13,Angelique Kerber,Daria Gavrilova,W
2016,2016-06-13,Angelique Kerber,Carla Suarez Navarro,L
2016,2016-05-23,Angelique Kerber,Kiki Bertens,L
2016,2016-05-09,Angelique Kerber,Eugenie Bouchard,L
2016,2016-05-02,Angelique Kerber,Barbora Strycova,L
2016,2016-04-18,Angelique Kerber,Annika Beck,W
2016,2016-04-18,Angelique Kerber,Carla Suarez Navarro,W
2016,2016-04-18,Angelique Kerber,Petra Kvitova,W
2016,2016-04-18,Angelique Kerber,Laura Siegemund,W
2016,2016-04-16,Angelique Kerber,Irina-Camelia Begu,W
2016,2016-04-16,Angelique Kerber,Simona Halep,W
2016,2016-04-04,Angelique Kerber,Lara Arruabarrena,W
2016,2016-04-04,Angelique Kerber,Kristina Kucova,W
2016,2016-04-04,Angelique Kerber,Irina-Camelia Begu,W
2016,2016-04-04,Angelique Kerber,Sloane Stephens,L
2016,2016-03-21,Angelique Kerber,Barbora Strycova,W
2016,2016-03-21,Angelique Kerber,Kiki Bertens,W
2016,2016-03-21,Angelique Kerber,Timea Babos,W
2016,2016-03-21,Angelique Kerber,Madison Keys,W
2016,2016-03-21,Angelique Kerber,Victoria Azarenka,L
2016,2016-03-07,Angelique Kerber,Denisa Allertova,L
2016,2016-02-22,Angelique Kerber,Saisai Zheng,L
2016,2016-02-06,Angelique Kerber,Belinda Bencic,L
2016,2016-02-06,Angelique Kerber,Timea Bacsinszky,W
2016,2016-01-18,Angelique Kerber,Misaki Doi,W
2016,2016-01-18,Angelique Kerber,Alexandra Dulgheru,W
2016,2016-01-18,Angelique Kerber,Madison Brengle,W
2016,2016-01-18,Angelique Kerber,Annika Beck,W
2016,2016-01-18,Angelique Kerber,Victoria Azarenka,W
2016,2016-01-18,Angelique Kerber,Johanna Konta,W
2016,2016-01-18,Angelique Kerber,Serena Williams,W
2016,2016-01-11,Angelique Kerber,Elina Svitolina,W
2016,2016-01-11,Angelique Kerber,Ekaterina Makarova,L
2016,2016-01-05,Angelique Kerber,Camila Giorgi,W
2016,2016-01-05,Angelique Kerber,Madison Brengle,W
2016,2016-01-05,Angelique Kerber,Anastasia Pavlyuchenkova,W
2016,2016-01-05,Angelique Kerber,Carla Suarez Navarro,W
2016,2016-01-05,Angelique Kerber,Victoria Azarenka,L
2015,2015-10-26,Angelique Kerber,Garbine Muguruza,L
2015,2015-10-26,Angelique Kerber,Petra Kvitova,W
2015,2015-10-26,Angelique Kerber,Lucie Safarova,L
2015,2015-10-12,Angelique Kerber,Francesca Schiavone,W
2015,2015-10-12,Angelique Kerber,Kurumi Nara,W
2015,2015-10-12,Angelique Kerber,Caroline Garcia,W
2015,2015-10-12,Angelique Kerber,Samantha Stosur,W
2015,2015-10-12,Angelique Kerber,Jelena Jankovic,L
2015,2015-10-05,Angelique Kerber,Dominika Cibulkova,W
2015,2015-10-05,Angelique Kerber,Caroline Wozniacki,W
2015,2015-10-05,Angelique Kerber,Agnieszka Radwanska,L
2015,2015-09-28,Angelique Kerber,Jelena Jankovic,W
2015,2015-09-28,Angelique Kerber,Camila Giorgi,W
2015,2015-09-28,Angelique Kerber,Coco Vandeweghe,W
2015,2015-09-28,Angelique Kerber,Garbine Muguruza,L
2015,2015-09-21,Angelique Kerber,Daria Gavrilova,W
2015,2015-09-21,Angelique Kerber,Madison Brengle,W
2015,2015-09-21,Angelique Kerber,Caroline Wozniacki,L
2015,2015-08-31,Angelique Kerber,Alexandra Dulgheru,W
2015,2015-08-31,Angelique Kerber,Karin Knapp,W
2015,2015-08-31,Angelique Kerber,Victoria Azarenka,L
2015,2015-08-17,Angelique Kerber,Belinda Bencic,L
2015,2015-08-10,Angelique Kerber,Misaki Doi,W
2015,2015-08-10,Angelique Kerber,Monica Puig,W
2015,2015-08-10,Angelique Kerber,Simona Halep,L
2015,2015-08-03,Angelique Kerber,Daria Gavrilova,W
2015,2015-08-03,Angelique Kerber,Ana Konjuh,W
2015,2015-08-03,Angelique Kerber,Agnieszka Radwanska,W
2015,2015-08-03,Angelique Kerber,Elina Svitolina,W
2015,2015-08-03,Angelique Kerber,Karolina Pliskova,W
2015,2015-06-29,Angelique Kerber,Carina Witthoeft,W
2015,2015-06-29,Angelique Kerber,Anastasia Pavlyuchenkova,W
2015,2015-06-29,Angelique Kerber,Garbine Muguruza,L
2015,2015-06-15,Angelique Kerber,Tsvetana Pironkova,W
2015,2015-06-15,Angelique Kerber,Jelena Jankovic,W
2015,2015-06-15,Angelique Kerber,Katerina Siniakova,W
2015,2015-06-15,Angelique Kerber,Sabine Lisicki,W
2015,2015-06-15,Angelique Kerber,Karolina Pliskova,W
2015,2015-05-25,Angelique Kerber,Timea Babos,W
2015,2015-05-25,Angelique Kerber,Ajla Tomljanovic,W
2015,2015-05-25,Angelique Kerber,Garbine Muguruza,L
2015,2015-05-18,Angelique Kerber,Rebecca Peterson,W
2015,2015-05-18,Angelique Kerber,Klara Koukalova,W
2015,2015-05-18,Angelique Kerber,Misaki Doi,W
2015,2015-05-18,Angelique Kerber,Roberta Vinci,L
2015,2015-05-11,Angelique Kerber,Alize Cornet,W
2015,2015-05-11,Angelique Kerber,Irina-Camelia Begu,L
2015,2015-05-04,Angelique Kerber,Samantha Stosur,L
2015,2015-04-20,Angelique Kerber,Alexa Glatch,W
2015,2015-04-20,Angelique Kerber,Maria Sharapova,W
2015,2015-04-20,Angelique Kerber,Ekaterina Makarova,W
2015,2015-04-20,Angelique Kerber,Madison Brengle,W
2015,2015-04-20,Angelique Kerber,Caroline Wozniacki,W
2015,2015-04-18,Angelique Kerber,Anastasia Pavlyuchenkova,W
2015,2015-04-06,Angelique Kerber,Evgeniya Rodina,W
2015,2015-04-06,Angelique Kerber,Lara Arruabarrena,W
2015,2015-04-06,Angelique Kerber,Irina-Camelia Begu,W
2015,2015-04-06,Angelique Kerber,Andrea Petkovic,W
2015,2015-04-06,Angelique Kerber,Madison Keys,W
2015,2015-03-23,Angelique Kerber,Heather Watson,W
2015,2015-03-23,Angelique Kerber,Svetlana Kuznetsova,L
2015,2015-03-09,Angelique Kerber,Sloane Stephens,L
2015,2015-02-23,Angelique Kerber,Victoria Azarenka,L
2015,2015-02-16,Angelique Kerber,Svetlana Kuznetsova,W
2015,2015-02-16,Angelique Kerber,Flavia Pennetta,L
2015,2015-02-09,Angelique Kerber,Francesca Schiavone,L
2015,2015-02-07,Angelique Kerber,Jarmila Wolfe,L
2015,2015-02-07,Angelique Kerber,Samantha Stosur,W
2015,2015-01-19,Angelique Kerber,Irina-Camelia Begu,L
2015,2015-01-12,Angelique Kerber,Lesia Tsurenko,W
2015,2015-01-12,Angelique Kerber,Daria Gavrilova,W
2015,2015-01-12,Angelique Kerber,Garbine Muguruza,W
2015,2015-01-12,Angelique Kerber,Karolina Pliskova,L
2015,2015-01-05,Angelique Kerber,Caroline Garcia,W
2015,2015-01-05,Angelique Kerber,Daria Gavrilova,W
2015,2015-01-05,Angelique Kerber,Elina Svitolina,L
2014,2014-11-08,Angelique Kerber,Petra Kvitova,L
2014,2014-11-08,Angelique Kerber,Lucie Safarova,L
2014,2014-09-29,Angelique Kerber,Casey Dellacqua,W
2014,2014-09-29,Angelique Kerber,Zarina Diyas,W
2014,2014-09-29,Angelique Kerber,Svetlana Kuznetsova,L
2014,2014-09-22,Angelique Kerber,Zarina Diyas,W
2014,2014-09-22,Angelique Kerber,Barbora Strycova,W
2014,2014-09-22,Angelique Kerber,Elina Svitolina,L
2014,2014-09-15,Angelique Kerber,Elina Svitolina,W
2014,2014-09-15,Angelique Kerber,Dominika Cibulkova,W
2014,2014-09-15,Angelique Kerber,Ana Ivanovic,L
2014,2014-08-25,Angelique Kerber,Ksenia Pervak,W
2014,2014-08-25,Angelique Kerber,Alla Kudryavtseva,W
2014,2014-08-25,Angelique Kerber,Belinda Bencic,L
2014,2014-08-11,Angelique Kerber,Ekaterina Makarova,W
2014,2014-08-11,Angelique Kerber,Caroline Wozniacki,L
2014,2014-08-04,Angelique Kerber,Caroline Garcia,W
2014,2014-08-04,Angelique Kerber,Venus Williams,L
2014,2014-07-28,Angelique Kerber,Coco Vandeweghe,W
2014,2014-07-28,Angelique Kerber,Garbine Muguruza,W
2014,2014-07-28,Angelique Kerber,Varvara Lepchenko,W
2014,2014-07-28,Angelique Kerber,Serena Williams,L
2014,2014-06-23,Angelique Kerber,Urszula Radwanska,W
2014,2014-06-23,Angelique Kerber,Heather Watson,W
2014,2014-06-23,Angelique Kerber,Kirsten Flipkens,W
2014,2014-06-23,Angelique Kerber,Maria Sharapova,W
2014,2014-06-23,Angelique Kerber,Eugenie Bouchard,L
2014,2014-06-16,Angelique Kerber,Alison Riske,W
2014,2014-06-16,Angelique Kerber,Alize Cornet,W
2014,2014-06-16,Angelique Kerber,Ekaterina Makarova,W
2014,2014-06-16,Angelique Kerber,Caroline Wozniacki,W
2014,2014-06-16,Angelique Kerber,Madison Keys,L
2014,2014-05-26,Angelique Kerber,Katarzyna Piter,W
2014,2014-05-26,Angelique Kerber,Varvara Lepchenko,W
2014,2014-05-26,Angelique Kerber,Daniela Hantuchova,W
2014,2014-05-26,Angelique Kerber,Eugenie Bouchard,L
2014,2014-05-19,Angelique Kerber,Marina Erakovic,W
2014,2014-05-19,Angelique Kerber,Anna-Lena Friedsam,W
2014,2014-05-19,Angelique Kerber,Karolina Pliskova,L
2014,2014-05-12,Angelique Kerber,Petra Cetkovska,L
2014,2014-05-05,Angelique Kerber,Caroline Garcia,L
2014,2014-04-21,Angelique Kerber,Carla Suarez Navarro,L
2014,2014-04-19,Angelique Kerber,Casey Dellacqua,W
2014,2014-04-19,Angelique Kerber,Samantha Stosur,W
2014,2014-03-17,Angelique Kerber,Shuai Peng,W
2014,2014-03-17,Angelique Kerber,Tsvetana Pironkova,W
2014,2014-03-17,Angelique Kerber,Ekaterina Makarova,W
2014,2014-03-17,Angelique Kerber,Serena Williams,L
2014,2014-03-03,Angelique Kerber,Maria-Teresa Torro-Flor,L
2014,2014-02-17,Angelique Kerber,Ana Ivanovic,L
2014,2014-02-10,Angelique Kerber,Karolina Pliskova,W
2014,2014-02-10,Angelique Kerber,Klara Koukalova,W
2014,2014-02-10,Angelique Kerber,Petra Cetkovska,W
2014,2014-02-10,Angelique Kerber,Jelena Jankovic,W
2014,2014-02-10,Angelique Kerber,Simona Halep,L
2014,2014-02-08,Angelique Kerber,Daniela Hantuchova,W
2014,2014-02-08,Angelique Kerber,Dominika Cibulkova,W
2014,2014-01-27,Angelique Kerber,Klara Koukalova,W
2014,2014-01-27,Angelique Kerber,Anastasia Pavlyuchenkova,L
2014,2014-01-13,Angelique Kerber,Jarmila Wolfe,W
2014,2014-01-13,Angelique Kerber,Alla Kudryavtseva,W
2014,2014-01-13,Angelique Kerber,Alison Riske,W
2014,2014-01-13,Angelique Kerber,Flavia Pennetta,L
2014,2014-01-06,Angelique Kerber,Dominika Cibulkova,W
2014,2014-01-06,Angelique Kerber,Kaia Kanepi,W
2014,2014-01-06,Angelique Kerber,Carla Suarez Navarro,W
2014,2014-01-06,Angelique Kerber,Madison Keys,W
2014,2014-01-06,Angelique Kerber,Tsvetana Pironkova,L
2014,2014-12-30,Angelique Kerber,Kristina Mladenovic,W
2014,2014-12-30,Angelique Kerber,Anastasia Pavlyuchenkova,W
2014,2014-12-30,Angelique Kerber,Jelena Jankovic,L
2013,2013-10-21,Angelique Kerber,Serena Williams,L
2013,2013-10-21,Angelique Kerber,Agnieszka Radwanska,W
2013,2013-10-21,Angelique Kerber,Petra Kvitova,L
2013,2013-10-07,Angelique Kerber,Monica Niculescu,W
2013,2013-10-07,Angelique Kerber,Alexandra Cadantu,W
2013,2013-10-07,Angelique Kerber,Patricia Mayr-Achleitner,W
2013,2013-10-07,Angelique Kerber,Carla Suarez Navarro,W
2013,2013-10-07,Angelique Kerber,Ana Ivanovic,W
2013,2013-09-30,Angelique Kerber,Laura Robson,W
2013,2013-09-30,Angelique Kerber,Roberta Vinci,W
2013,2013-09-30,Angelique Kerber,Agnieszka Radwanska,L
2013,2013-09-23,Angelique Kerber,Maria-Teresa Torro-Flor,W
2013,2013-09-23,Angelique Kerber,Ana Ivanovic,W
2013,2013-09-23,Angelique Kerber,Agnieszka Radwanska,W
2013,2013-09-23,Angelique Kerber,Caroline Wozniacki,W
2013,2013-09-23,Angelique Kerber,Petra Kvitova,L
2013,2013-08-26,Angelique Kerber,Lucie Hradecka,W
2013,2013-08-26,Angelique Kerber,Eugenie Bouchard,W
2013,2013-08-26,Angelique Kerber,Kaia Kanepi,W
2013,2013-08-26,Angelique Kerber,Carla Suarez Navarro,L
2013,2013-08-19,Angelique Kerber,Elena Vesnina,L
2013,2013-08-12,Angelique Kerber,Karin Knapp,W
2013,2013-08-12,Angelique Kerber,Alisa Kleybanova,W
2013,2013-08-12,Angelique Kerber,Na Li,L
2013,2013-08-05,Angelique Kerber,Dominika Cibulkova,L
2013,2013-07-29,Angelique Kerber,Irina Falconi,W
2013,2013-07-29,Angelique Kerber,Melanie Oudin,W
2013,2013-07-29,Angelique Kerber,Magdalena Rybarikova,L
2013,2013-06-24,Angelique Kerber,Bethanie Mattek-Sands,W
2013,2013-06-24,Angelique Kerber,Kaia Kanepi,L
2013,2013-06-17,Angelique Kerber,Sorana Cirstea,W
2013,2013-06-17,Angelique Kerber,Ekaterina Makarova,L
2013,2013-05-27,Angelique Kerber,Mona Barthel,W
2013,2013-05-27,Angelique Kerber,Jana Cepelova,W
2013,2013-05-27,Angelique Kerber,Varvara Lepchenko,W
2013,2013-05-27,Angelique Kerber,Svetlana Kuznetsova,L
2013,2013-05-06,Angelique Kerber,Su-Wei Hsieh,W
2013,2013-05-06,Angelique Kerber,Alize Cornet,W
2013,2013-05-06,Angelique Kerber,Svetlana Kuznetsova,W
2013,2013-05-06,Angelique Kerber,Ana Ivanovic,L
2013,2013-04-22,Angelique Kerber,Anastasia Pavlyuchenkova,W
2013,2013-04-22,Angelique Kerber,Yaroslava Shvedova,W
2013,2013-04-22,Angelique Kerber,Maria Sharapova,L
2013,2013-04-20,Angelique Kerber,Bojana Jovanovski,W
2013,2013-04-20,Angelique Kerber,Ana Ivanovic,L
2013,2013-04-01,Angelique Kerber,Samantha Crawford,W
2013,2013-04-01,Angelique Kerber,Alla Kudryavtseva,W
2013,2013-04-01,Angelique Kerber,Ayumi Morita,W
2013,2013-04-01,Angelique Kerber,Maria Kirilenko,W
2013,2013-04-01,Angelique Kerber,Anastasia Pavlyuchenkova,L
2013,2013-03-18,Angelique Kerber,Francesca Schiavone,W
2013,2013-03-18,Angelique Kerber,Sorana Cirstea,L
2013,2013-03-06,Angelique Kerber,Irina-Camelia Begu,W
2013,2013-03-06,Angelique Kerber,Yanina Wickmayer,W
2013,2013-03-06,Angelique Kerber,Garbine Muguruza,W
2013,2013-03-06,Angelique Kerber,Samantha Stosur,W
2013,2013-03-06,Angelique Kerber,Caroline Wozniacki,L
2013,2013-02-18,Angelique Kerber,Roberta Vinci,L
2013,2013-02-11,Angelique Kerber,Mona Barthel,L
2013,2013-01-14,Angelique Kerber,Elina Svitolina,W
2013,2013-01-14,Angelique Kerber,Lucie Hradecka,W
2013,2013-01-14,Angelique Kerber,Madison Keys,W
2013,2013-01-14,Angelique Kerber,Ekaterina Makarova,L
2013,2013-01-07,Angelique Kerber,Galina Voskoboeva,W
2013,2013-01-07,Angelique Kerber,Svetlana Kuznetsova,W
2013,2013-01-07,Angelique Kerber,Dominika Cibulkova,L
2013,2013-01-01,Angelique Kerber,Anna Tatishvili,W
2013,2013-01-01,Angelique Kerber,Monica Puig,W
2013,2013-01-01,Angelique Kerber,Anastasia Pavlyuchenkova,L
2012,2012-10-23,Angelique Kerber,Serena Williams,L
2012,2012-10-23,Angelique Kerber,Victoria Azarenka,L
2012,2012-10-23,Angelique Kerber,Na Li,L
2012,2012-10-01,Angelique Kerber,Lara Arruabarrena,W
2012,2012-10-01,Angelique Kerber,Caroline Wozniacki,W
2012,2012-10-01,Angelique Kerber,Maria Sharapova,L
2012,2012-09-24,Angelique Kerber,Ayumi Morita,W
2012,2012-09-24,Angelique Kerber,Urszula Radwanska,W
2012,2012-09-24,Angelique Kerber,Victoria Azarenka,W
2012,2012-09-24,Angelique Kerber,Agnieszka Radwanska,L
2012,2012-08-27,Angelique Kerber,Anne Keothavong,W
2012,2012-08-27,Angelique Kerber,Venus Williams,W
2012,2012-08-27,Angelique Kerber,Olga Govortsova,W
2012,2012-08-27,Angelique Kerber,Sara Errani,L
2012,2012-08-13,Angelique Kerber,Timea Babos,W
2012,2012-08-13,Angelique Kerber,Andrea Hlavackova,W
2012,2012-08-13,Angelique Kerber,Serena Williams,W
2012,2012-08-13,Angelique Kerber,Petra Kvitova,W
2012,2012-08-13,Angelique Kerber,Na Li,L
2012,2012-08-06,Angelique Kerber,Ekaterina Makarova,W
2012,2012-08-06,Angelique Kerber,Roberta Vinci,L
2012,2012-07-28,Angelique Kerber,Petra Cetkovska,W
2012,2012-07-28,Angelique Kerber,Timea Babos,W
2012,2012-07-28,Angelique Kerber,Venus Williams,W
2012,2012-07-28,Angelique Kerber,Victoria Azarenka,L
2012,2012-06-25,Angelique Kerber,Lucie Hradecka,W
2012,2012-06-25,Angelique Kerber,Ekaterina Makarova,W
2012,2012-06-25,Angelique Kerber,Christina Mchale,W
2012,2012-06-25,Angelique Kerber,Kim Clijsters,W
2012,2012-06-25,Angelique Kerber,Sabine Lisicki,W
2012,2012-06-25,Angelique Kerber,Agnieszka Radwanska,L
2012,2012-06-18,Angelique Kerber,Elena Vesnina,W
2012,2012-06-18,Angelique Kerber,Chanelle Scheepers,W
2012,2012-06-18,Angelique Kerber,Ekaterina Makarova,W
2012,2012-06-18,Angelique Kerber,Klara Koukalova,W
2012,2012-06-18,Angelique Kerber,Tamira Paszek,L
2012,2012-05-28,Angelique Kerber,Shuai Zhang,W
2012,2012-05-28,Angelique Kerber,Olga Govortsova,W
2012,2012-05-28,Angelique Kerber,Flavia Pennetta,W
2012,2012-05-28,Angelique Kerber,Petra Martic,W
2012,2012-05-28,Angelique Kerber,Sara Errani,L
2012,2012-05-14,Angelique Kerber,Anastasia Rodionova,W
2012,2012-05-14,Angelique Kerber,Vania King,W
2012,2012-05-14,Angelique Kerber,Julia Goerges,W
2012,2012-05-14,Angelique Kerber,Petra Kvitova,W
2012,2012-05-14,Angelique Kerber,Maria Sharapova,L
2012,2012-05-07,Angelique Kerber,Johanna Larsson,W
2012,2012-05-07,Angelique Kerber,Venus Williams,W
2012,2012-05-07,Angelique Kerber,Na Li,L
2012,2012-04-23,Angelique Kerber,Roberta Vinci,W
2012,2012-04-23,Angelique Kerber,Caroline Wozniacki,W
2012,2012-04-23,Angelique Kerber,Petra Kvitova,L
2012,2012-04-21,Angelique Kerber,Samantha Stosur,L
2012,2012-04-21,Angelique Kerber,Jarmila Wolfe,W
2012,2012-04-09,Angelique Kerber,Stephanie Foretz,W
2012,2012-04-09,Angelique Kerber,Anne Keothavong,W
2012,2012-04-09,Angelique Kerber,Mona Barthel,W
2012,2012-04-09,Angelique Kerber,Jelena Jankovic,W
2012,2012-04-09,Angelique Kerber,Caroline Wozniacki,W
2012,2012-03-20,Angelique Kerber,Jie Zheng,L
2012,2012-03-07,Angelique Kerber,Sloane Stephens,W
2012,2012-03-07,Angelique Kerber,Vania King,W
2012,2012-03-07,Angelique Kerber,Christina Mchale,W
2012,2012-03-07,Angelique Kerber,Na Li,W
2012,2012-03-07,Angelique Kerber,Victoria Azarenka,L
2012,2012-02-13,Angelique Kerber,Sabine Lisicki,W
2012,2012-02-13,Angelique Kerber,Tsvetana Pironkova,L
2012,2012-02-06,Angelique Kerber,Lucie Safarova,W
2012,2012-02-06,Angelique Kerber,Monica Niculescu,W
2012,2012-02-06,Angelique Kerber,Maria Sharapova,W
2012,2012-02-06,Angelique Kerber,Yanina Wickmayer,W
2012,2012-02-06,Angelique Kerber,Marion Bartoli,W
2012,2012-02-04,Angelique Kerber,Lucie Hradecka,W
2012,2012-01-16,Angelique Kerber,Bojana Bobusic,W
2012,2012-01-16,Angelique Kerber,Stephanie Dubois,W
2012,2012-01-16,Angelique Kerber,Maria Sharapova,L
2012,2012-01-09,Angelique Kerber,Elena Vesnina,W
2012,2012-01-09,Angelique Kerber,Sara Errani,W
2012,2012-01-09,Angelique Kerber,Sorana Cirstea,W
2012,2012-01-09,Angelique Kerber,Mona Barthel,L
2012,2012-01-02,Angelique Kerber,Marina Erakovic,W
2012,2012-01-02,Angelique Kerber,Julia Goerges,W
2012,2012-01-02,Angelique Kerber,Sabine Lisicki,W
2012,2012-01-02,Angelique Kerber,Flavia Pennetta,L
2011,2011-10-17,Angelique Kerber,Bibiane Weijers,L
2011,2011-10-10,Angelique Kerber,Kurumi Nara,W
2011,2011-10-10,Angelique Kerber,Olga Govortsova,W
2011,2011-10-10,Angelique Kerber,Tamarine Tanasugarn,W
2011,2011-10-10,Angelique Kerber,Marion Bartoli,L
2011,2011-01-01,Angelique Kerber,,
2011,2011-09-26,Angelique Kerber,Bojana Jovanovski,W
2011,2011-09-26,Angelique Kerber,Agnieszka Radwanska,L
2011,2011-08-29,Angelique Kerber,Lauren Davis,W
2011,2011-08-29,Angelique Kerber,Agnieszka Radwanska,W
2011,2011-08-29,Angelique Kerber,Alla Kudryavtseva,W
2011,2011-08-29,Angelique Kerber,Monica Niculescu,W
2011,2011-08-29,Angelique Kerber,Flavia Pennetta,W
2011,2011-08-29,Angelique Kerber,Samantha Stosur,L
2011,2011-08-22,Angelique Kerber,Chanelle Scheepers,W
2011,2011-08-22,Angelique Kerber,Melanie Oudin,W
2011,2011-08-22,Angelique Kerber,Johanna Larsson,W
2011,2011-08-22,Angelique Kerber,Aravane Rezai,L
2011,2011-07-04,Angelique Kerber,Anna Brazhnikova,W
2011,2011-07-04,Angelique Kerber,Flavia Pennetta,L
2011,2011-06-20,Angelique Kerber,Laura Robson,L
2011,2011-06-06,Angelique Kerber,Karolina Pliskova,W
2011,2011-06-06,Angelique Kerber,Caroline Wozniacki,L
2011,2011-05-23,Angelique Kerber,Edina Gallovits-Hall,L
2011,2011-05-16,Angelique Kerber,Laura Pous-Tio,L
2011,2011-05-09,Angelique Kerber,Yanina Wickmayer,L
2011,2011-04-18,Angelique Kerber,Ksenia Pervak,L
2011,2011-04-04,Angelique Kerber,Lourdes Dominguez Lino,L
2011,2011-03-21,Angelique Kerber,Edina Gallovits-Hall,W
2011,2011-03-21,Angelique Kerber,Francesca Schiavone,L
2011,2011-03-14,Angelique Kerber,Mirjana Lucic-Baroni,W
2011,2011-03-14,Angelique Kerber,Anne Keothavong,W
2011,2011-03-14,Angelique Kerber,Tsvetana Pironkova,W
2011,2011-03-14,Angelique Kerber,Rebecca Marino,W
2011,2011-03-14,Angelique Kerber,Anastasiya Yakimova,L
2011,2011-03-07,Angelique Kerber,Laura Pous-Tio,L
2011,2011-02-28,Angelique Kerber,Polona Hercog,L
2011,2011-02-14,Angelique Kerber,Andrea Petkovic,L
2011,2011-02-07,Angelique Kerber,Andrea Petkovic,L
2011,2011-01-17,Angelique Kerber,Dominika Cibulkova,L
2011,2011-01-10,Angelique Kerber,Kimiko Date,W
2011,2011-01-10,Angelique Kerber,Alla Kudryavtseva,W
2011,2011-01-10,Angelique Kerber,Bethanie Mattek-Sands,L
2010,2010-10-18,Angelique Kerber,Yulia Putintseva,W
2010,2010-10-18,Angelique Kerber,Daniela Hantuchova,W
2010,2010-10-18,Angelique Kerber,Polona Hercog,W
2010,2010-10-18,Angelique Kerber,Julia Goerges,L
2010,2010-10-11,Angelique Kerber,Andrea Petkovic,L
2010,2010-10-04,Angelique Kerber,Agnieszka Radwanska,W
2010,2010-10-04,Angelique Kerber,Alexandra Dulgheru,W
2010,2010-10-04,Angelique Kerber,Na Li,L
2010,2010-09-27,Angelique Kerber,Daniela Hantuchova,L
2010,2010-08-30,Angelique Kerber,Gisela Dulko,L
2010,2010-08-23,Angelique Kerber,Iveta Melzer,W
2010,2010-08-23,Angelique Kerber,Kristina Barrois,W
2010,2010-08-23,Angelique Kerber,Ekaterina Makarova,L
2010,2010-08-16,Angelique Kerber,Yaroslava Shvedova,L
2010,2010-08-02,Angelique Kerber,Renata Voracova,W
2010,2010-08-02,Angelique Kerber,Sandra Zahlavova,W
2010,2010-08-02,Angelique Kerber,Na Li,L
2010,2010-07-05,Angelique Kerber,Ana Vrljic,L
2010,2010-06-21,Angelique Kerber,Sania Mirza,W
2010,2010-06-21,Angelique Kerber,Shahar Peer,W
2010,2010-06-21,Angelique Kerber,Jarmila Wolfe,L
2010,2010-06-14,Angelique Kerber,Justine Henin,L
2010,2010-06-07,Angelique Kerber,Misaki Doi,W
2010,2010-06-07,Angelique Kerber,Ayumi Morita,W
2010,2010-06-07,Angelique Kerber,Na Li,L
2010,2010-05-24,Angelique Kerber,Anna Chakvetadze,W
2010,2010-05-24,Angelique Kerber,Aravane Rezai,L
2010,2010-05-17,Angelique Kerber,Polona Hercog,L
2010,2010-04-26,Angelique Kerber,Fatima Zahrae El Allami,W
2010,2010-04-26,Angelique Kerber,Bojana Jovanovski,W
2010,2010-04-26,Angelique Kerber,Renata Voracova,L
2010,2010-04-12,Angelique Kerber,Alison Riske,W
2010,2010-04-12,Angelique Kerber,Monique Adamczak,W
2010,2010-04-12,Angelique Kerber,Daniela Hantuchova,L
2010,2010-04-05,Angelique Kerber,Vania King,W
2010,2010-04-05,Angelique Kerber,Varvara Lepchenko,L
2010,2010-01-01,Angelique Kerber,,
2010,2010-02-22,Angelique Kerber,Mariya Koryttseva,L
2010,2010-02-15,Angelique Kerber,Sharon Fichman,W
2010,2010-02-15,Angelique Kerber,Rossana De Los Rios,W
2010,2010-02-15,Angelique Kerber,Pauline Parmentier,W
2010,2010-02-15,Angelique Kerber,Gisela Dulko,W
2010,2010-02-15,Angelique Kerber,Mariana Duque-Marino,L
2010,2010-01-18,Angelique Kerber,Olga Govortsova,W
2010,2010-01-18,Angelique Kerber,Aravane Rezai,W
2010,2010-01-18,Angelique Kerber,Svetlana Kuznetsova,L
2009,2009-10-26,Angelique Kerber,Timea Bacsinszky,L
2009,2009-10-19,Angelique Kerber,Simona Halep,L
2009,2009-10-12,Angelique Kerber,Estelle Guisard,W
2009,2009-10-12,Angelique Kerber,Sofia Arvidsson,L
2009,2009-09-28,Angelique Kerber,Polona Hercog,W
2009,2009-09-28,Angelique Kerber,Marta Domachowska,W
2009,2009-09-28,Angelique Kerber,Jelena Dokic,L
2009,2009-09-21,Angelique Kerber,Tara Moore,W
2009,2009-09-21,Angelique Kerber,Giulia Gatto-Monticone,W
2009,2009-09-21,Angelique Kerber,Katie O'brien,L
2009,2009-09-14,Angelique Kerber,Katarzyna Piter,W
2009,2009-09-14,Angelique Kerber,Petra Martic,L
2009,2009-01-01,Angelique Kerber,,
2009,2009-08-31,Angelique Kerber,Andrea Petkovic,W
2009,2009-08-31,Angelique Kerber,Maria Jose Martinez Sanchez,L
2009,2009-07-27,Angelique Kerber,Alina Jidkova,W
2009,2009-07-27,Angelique Kerber,Olga Govortsova,L
2009,2009-07-06,Angelique Kerber,Barbora Strycova,W
2009,2009-07-06,Angelique Kerber,Maria Jose Martinez Sanchez,L
2009,2009-06-29,Angelique Kerber,Pilar Dominguez-Lopez,W
2009,2009-06-29,Angelique Kerber,Nikola Hofmanova,W
2009,2009-06-29,Angelique Kerber,Anna Tatishvili,W
2009,2009-06-29,Angelique Kerber,Vesna Dolonc,W
2009,2009-06-29,Angelique Kerber,Kristina Kucova,W
2009,2009-04-27,Angelique Kerber,Olga Savchuk,W
2009,2009-04-27,Angelique Kerber,Tathiana Garbin,L
2009,2009-04-06,Angelique Kerber,Nicole Vaidisova,L
2009,2009-03-16,Angelique Kerber,Anna Gerasimou,L
2009,2009-02-23,Angelique Kerber,Karolina Sprem,L
2009,2009-01-19,Angelique Kerber,Venus Williams,L
2009,2009-01-12,Angelique Kerber,Kaia Kanepi,L
2008,2008-11-17,Angelique Kerber,Sarah Borwell,W
2008,2008-11-17,Angelique Kerber,Jasmina Tinjic,W
2008,2008-11-17,Angelique Kerber,Lucie Hradecka,W
2008,2008-11-17,Angelique Kerber,Sofia Arvidsson,L
2008,2008-11-03,Angelique Kerber,Alisa Kleybanova,W
2008,2008-11-03,Angelique Kerber,Stefanie Voegele,W
2008,2008-11-03,Angelique Kerber,Barbora Strycova,W
2008,2008-11-03,Angelique Kerber,Monica Niculescu,L
2008,2008-10-27,Angelique Kerber,Mandy Minella,W
2008,2008-10-27,Angelique Kerber,Sherazad Reix,W
2008,2008-10-27,Angelique Kerber,Vesna Dolonc,L
2008,2008-01-01,Angelique Kerber,,
2008,2008-10-13,Angelique Kerber,Anastasiya Yakimova,W
2008,2008-10-13,Angelique Kerber,Claire Feuerstein,W
2008,2008-10-13,Angelique Kerber,Renata Voracova,W
2008,2008-10-13,Angelique Kerber,Julie Coin,W
2008,2008-10-13,Angelique Kerber,Severine Beltrame,W
2008,2008-10-06,Angelique Kerber,Laura Robson,W
2008,2008-10-06,Angelique Kerber,Alberta Brianti,L
2008,2008-09-29,Angelique Kerber,Pemra Ozgen,W
2008,2008-09-29,Angelique Kerber,Estelle Guisard,L
2008,2008-09-15,Angelique Kerber,Sofia Kvatsabaia,W
2008,2008-09-15,Angelique Kerber,Lenka Tvaroskova,W
2008,2008-09-15,Angelique Kerber,Paula Fondevila Castro,W
2008,2008-09-15,Angelique Kerber,Frederica Piedade,W
2008,2008-09-15,Angelique Kerber,Estrella Cabeza Candela,W
2008,2008-09-01,Angelique Kerber,Sanda Mamic,W
2008,2008-09-01,Angelique Kerber,Polona Hercog,W
2008,2008-09-01,Angelique Kerber,Kristina Kucova,L
2008,2008-07-28,Angelique Kerber,Caroline Wozniacki,L
2008,2008-07-21,Angelique Kerber,Petra Martic,L
2008,2008-07-07,Angelique Kerber,Xinyun Han,L
2008,2008-06-23,Angelique Kerber,Elena Baltacha,L
2008,2008-06-16,Angelique Kerber,Klara Koukalova,W
2008,2008-06-16,Angelique Kerber,Anna Chakvetadze,L
2008,2008-06-09,Angelique Kerber,Olga Puchkova,W
2008,2008-06-09,Angelique Kerber,Ekaterina Makarova,L
2008,2008-05-26,Angelique Kerber,Dominika Cibulkova,L
2008,2008-05-05,Angelique Kerber,Agnieszka Radwanska,L
2008,2008-04-28,Angelique Kerber,Yevgenia Savranska,L
2008,2008-04-26,Angelique Kerber,Betina Jozami,L
2008,2008-04-14,Angelique Kerber,Camille Pin,L
2008,2008-03-24,Angelique Kerber,Akgul Amanmuradova,W
2008,2008-03-24,Angelique Kerber,Justine Henin,L
2008,2008-03-10,Angelique Kerber,Ekaterina Bychkova,W
2008,2008-03-10,Angelique Kerber,Olga Govortsova,W
2008,2008-03-10,Angelique Kerber,Marion Bartoli,L
2008,2008-02-18,Angelique Kerber,Tamarine Tanasugarn,L
2008,2008-02-04,Angelique Kerber,Meng Yuan,W
2008,2008-02-04,Angelique Kerber,Vesna Dolonc,L
2008,2008-01-14,Angelique Kerber,Maret Ani,W
2008,2008-01-14,Angelique Kerber,Francesca Schiavone,L
2007,2007-11-19,Angelique Kerber,Anna Lapushchenkova,L
2007,2007-10-29,Angelique Kerber,Lindsay Davenport,L
2007,2007-10-22,Angelique Kerber,Mariya Koryttseva,L
2007,2007-01-01,Angelique Kerber,,
2007,2007-09-17,Angelique Kerber,Nathalie Dechy,L
2007,2007-08-27,Angelique Kerber,Serena Williams,L
2007,2007-08-07,Angelique Kerber,Kateryna Bondarenko,L
2007,2007-07-30,Angelique Kerber,Brittany Augustine,W
2007,2007-07-30,Angelique Kerber,Elena Dementieva,L
2007,2007-07-16,Angelique Kerber,Anastasia Rodionova,W
2007,2007-07-16,Angelique Kerber,Akiko Morigami,L
2007,2007-07-14,Angelique Kerber,Ayumi Morita,L
2007,2007-07-14,Angelique Kerber,Erika Takao,L
2007,2007-06-25,Angelique Kerber,Anna Chakvetadze,L
2007,2007-06-18,Angelique Kerber,Yung-Jan Chan,W
2007,2007-06-18,Angelique Kerber,Elena Vesnina,W
2007,2007-06-18,Angelique Kerber,Anna Chakvetadze,L
2007,2007-06-11,Angelique Kerber,Olga Puchkova,W
2007,2007-06-11,Angelique Kerber,Ahsha Rolle,W
2007,2007-06-11,Angelique Kerber,Marion Bartoli,L
2007,2007-06-04,Angelique Kerber,Vojislava Lukic,W
2007,2007-06-04,Angelique Kerber,Andrea Hlavackova,W
2007,2007-06-04,Angelique Kerber,Michaela Pastikova,W
2007,2007-06-04,Angelique Kerber,Sofia Arvidsson,W
2007,2007-06-04,Angelique Kerber,Klara Koukalova,W
2007,2007-05-28,Angelique Kerber,Elena Dementieva,L
2007,2007-05-07,Angelique Kerber,Nudnida Luangnam,W
2007,2007-05-07,Angelique Kerber,Florence Haring,W
2007,2007-05-07,Angelique Kerber,Akgul Amanmuradova,W
2007,2007-05-07,Angelique Kerber,Ma. Emilia Salerni,W
2007,2007-05-07,Angelique Kerber,Lilia Osterloh,L
2007,2007-04-30,Angelique Kerber,Volha Duko,W
2007,2007-04-30,Angelique Kerber,Michaela Johansson,W
2007,2007-04-30,Angelique Kerber,Stefanie Voegele,W
2007,2007-04-30,Angelique Kerber,Anne Keothavong,W
2007,2007-04-30,Angelique Kerber,Gaelle Widmer,W
2007,2007-04-23,Angelique Kerber,Tatjana Priachin,W
2007,2007-04-23,Angelique Kerber,Stephanie Cohen-Aloro,L
2007,2007-04-02,Angelique Kerber,Yuliya Beygelzimer,W
2007,2007-04-02,Angelique Kerber,Selima Sfar,L
2007,2007-03-26,Angelique Kerber,Emmanuelle Gagliardi,L
2007,2007-03-19,Angelique Kerber,Georgie Gent,W
2007,2007-03-19,Angelique Kerber,Andrea Petkovic,W
2007,2007-03-19,Angelique Kerber,Madalina Gojnea,W
2007,2007-03-19,Angelique Kerber,Ma. Emilia Salerni,W
2007,2007-03-19,Angelique Kerber,Petra Cetkovska,L
2007,2007-03-12,Angelique Kerber,Nathalie Vierin,W
2007,2007-03-12,Angelique Kerber,Joanna Sakowicz-Kostecka,W
2007,2007-03-12,Angelique Kerber,Korina Perkovic,W
2007,2007-03-12,Angelique Kerber,Madalina Gojnea,W
2007,2007-03-12,Angelique Kerber,Petra Cetkovska,W
2007,2007-02-12,Angelique Kerber,Betina Jozami,W
2007,2007-02-12,Angelique Kerber,Sabine Klaschka,W
2007,2007-02-12,Angelique Kerber,Marie-Eve Pelletier,W
2007,2007-02-12,Angelique Kerber,Aleksandra Wozniak,W
2007,2007-02-12,Angelique Kerber,Sabine Lisicki,W
2007,2007-02-05,Angelique Kerber,Stephanie Dubois,W
2007,2007-02-05,Angelique Kerber,Leanne Baker,W
2007,2007-02-05,Angelique Kerber,Varvara Lepchenko,L
2007,2007-01-29,Angelique Kerber,Pamela Montez,W
2007,2007-01-29,Angelique Kerber,Vilmarie Castellvi,W
2007,2007-01-29,Angelique Kerber,Jenifer Widjaja,W
2007,2007-01-29,Angelique Kerber,Natalie Grandin,W
2007,2007-01-29,Angelique Kerber,Julie Ditty,L
2007,2007-01-22,Angelique Kerber,Elizabeth Kaufman,W
2007,2007-01-22,Angelique Kerber,Tiffany Dabek,W
2007,2007-01-22,Angelique Kerber,Melinda Czink,L
2006,2006-12-11,Angelique Kerber,Joanna Sakowicz-Kostecka,W
2006,2006-12-11,Angelique Kerber,Kateryna Bondarenko,L
2006,2006-11-15,Angelique Kerber,Andrea Petkovic,W
2006,2006-11-15,Angelique Kerber,Margit Ruutel,W
2006,2006-11-15,Angelique Kerber,Zuzana Ondraskova,W
2006,2006-11-15,Angelique Kerber,Lucie Hradecka,W
2006,2006-11-15,Angelique Kerber,Anne Keothavong,L
2006,2006-11-07,Angelique Kerber,Nikola Frankova,W
2006,2006-11-07,Angelique Kerber,Viktoriya Kutuzova,W
2006,2006-11-07,Angelique Kerber,Andrea Hlavackova,W
2006,2006-11-07,Angelique Kerber,Ana Vrljic,L
2006,2006-10-30,Angelique Kerber,Romina Oprandi,W
2006,2006-10-30,Angelique Kerber,Ana Ivanovic,L
2006,2006-10-23,Angelique Kerber,Oxana Lyubtsova,L
2006,2006-10-18,Angelique Kerber,Kristina Barrois,W
2006,2006-10-18,Angelique Kerber,Naomi Cavaday,W
2006,2006-10-18,Angelique Kerber,Veronika Chvojkova,W
2006,2006-10-18,Angelique Kerber,Anne Keothavong,W
2006,2006-10-18,Angelique Kerber,Kirsten Flipkens,W
2006,2006-10-11,Angelique Kerber,Gaelle Widmer,W
2006,2006-10-11,Angelique Kerber,Justine Ozga,W
2006,2006-10-11,Angelique Kerber,Melanie South,W
2006,2006-10-11,Angelique Kerber,Georgie Gent,W
2006,2006-10-11,Angelique Kerber,Irena Pavlovic,W
2006,2006-09-19,Angelique Kerber,Veronika Chvojkova,W
2006,2006-09-19,Angelique Kerber,Olga Blahotova,W
2006,2006-09-19,Angelique Kerber,Andrea Petkovic,W
2006,2006-09-19,Angelique Kerber,Katie O'brien,L
2006,2006-09-11,Angelique Kerber,Andrea Sieveke,W
2006,2006-09-11,Angelique Kerber,Dominika Nociarova,W
2006,2006-09-11,Angelique Kerber,Jana Juricova,W
2006,2006-09-11,Angelique Kerber,Sandra Zahlavova,L
2016,2016-08-29,Serena Williams,Ekaterina Makarova,W
2016,2016-08-29,Serena Williams,Vania King,W
2016,2016-08-29,Serena Williams,Johanna Larsson,W
2016,2016-08-29,Serena Williams,Yaroslava Shvedova,W
2016,2016-08-29,Serena Williams,Simona Halep,W
2016,2016-08-29,Serena Williams,Karolina Pliskova,L
2016,2016-08-08,Serena Williams,Daria Gavrilova,W
2016,2016-08-08,Serena Williams,Alize Cornet,W
2016,2016-08-08,Serena Williams,Elina Svitolina,L
2016,2016-06-27,Serena Williams,Amra Sadikovic,W
2016,2016-06-27,Serena Williams,Christina Mchale,W
2016,2016-06-27,Serena Williams,Annika Beck,W
2016,2016-06-27,Serena Williams,Svetlana Kuznetsova,W
2016,2016-06-27,Serena Williams,Anastasia Pavlyuchenkova,W
2016,2016-06-27,Serena Williams,Elena Vesnina,W
2016,2016-05-23,Serena Williams,Magdalena Rybarikova,W
2016,2016-05-23,Serena Williams,Teliana Pereira,W
2016,2016-05-23,Serena Williams,Kristina Mladenovic,W
2016,2016-05-23,Serena Williams,Elina Svitolina,W
2016,2016-05-23,Serena Williams,Yulia Putintseva,W
2016,2016-05-23,Serena Williams,Kiki Bertens,W
2016,2016-05-23,Serena Williams,Garbine Muguruza,L
2016,2016-05-09,Serena Williams,Anna-Lena Friedsam,W
2016,2016-05-09,Serena Williams,Christina Mchale,W
2016,2016-05-09,Serena Williams,Svetlana Kuznetsova,W
2016,2016-05-09,Serena Williams,Irina-Camelia Begu,W
2016,2016-05-09,Serena Williams,Madison Keys,W
2016,2016-03-21,Serena Williams,Christina Mchale,W
2016,2016-03-21,Serena Williams,Zarina Diyas,W
2016,2016-03-21,Serena Williams,Svetlana Kuznetsova,L
2016,2016-03-07,Serena Williams,Laura Siegemund,W
2016,2016-03-07,Serena Williams,Yulia Putintseva,W
2016,2016-03-07,Serena Williams,Kateryna Bondarenko,W
2016,2016-03-07,Serena Williams,Simona Halep,W
2016,2016-03-07,Serena Williams,Agnieszka Radwanska,W
2016,2016-03-07,Serena Williams,Victoria Azarenka,L
2016,2016-01-18,Serena Williams,Camila Giorgi,W
2016,2016-01-18,Serena Williams,Su-Wei Hsieh,W
2016,2016-01-18,Serena Williams,Daria Kasatkina,W
2016,2016-01-18,Serena Williams,Margarita Gasparyan,W
2016,2016-01-18,Serena Williams,Maria Sharapova,W
2016,2016-01-18,Serena Williams,Agnieszka Radwanska,W
2015,2015-08-31,Serena Williams,Vitalia Diatchenko,W
2015,2015-08-31,Serena Williams,Kiki Bertens,W
2015,2015-08-31,Serena Williams,Bethanie Mattek-Sands,W
2015,2015-08-31,Serena Williams,Madison Keys,W
2015,2015-08-31,Serena Williams,Venus Williams,W
2015,2015-08-31,Serena Williams,Roberta Vinci,L
2015,2015-08-17,Serena Williams,Tsvetana Pironkova,W
2015,2015-08-17,Serena Williams,Karin Knapp,W
2015,2015-08-17,Serena Williams,Ana Ivanovic,W
2015,2015-08-17,Serena Williams,Elina Svitolina,W
2015,2015-08-17,Serena Williams,Simona Halep,W
2015,2015-08-10,Serena Williams,Flavia Pennetta,W
2015,2015-08-10,Serena Williams,Andrea Petkovic,W
2015,2015-08-10,Serena Williams,Roberta Vinci,W
2015,2015-08-10,Serena Williams,Belinda Bencic,L
2015,2015-07-13,Serena Williams,Ysaline Bonaventure,W
2015,2015-07-13,Serena Williams,Klara Koukalova,L
2015,2015-06-29,Serena Williams,Margarita Gasparyan,W
2015,2015-06-29,Serena Williams,Timea Babos,W
2015,2015-06-29,Serena Williams,Heather Watson,W
2015,2015-06-29,Serena Williams,Venus Williams,W
2015,2015-06-29,Serena Williams,Victoria Azarenka,W
2015,2015-06-29,Serena Williams,Maria Sharapova,W
2015,2015-06-29,Serena Williams,Garbine Muguruza,W
2015,2015-05-25,Serena Williams,Andrea Hlavackova,W
2015,2015-05-25,Serena Williams,Anna-Lena Friedsam,W
2015,2015-05-25,Serena Williams,Victoria Azarenka,W
2015,2015-05-25,Serena Williams,Sloane Stephens,W
2015,2015-05-25,Serena Williams,Sara Errani,W
2015,2015-05-25,Serena Williams,Timea Bacsinszky,W
2015,2015-05-25,Serena Williams,Lucie Safarova,W
2015,2015-05-11,Serena Williams,Anastasia Pavlyuchenkova,W
2015,2015-05-11,Serena Williams,Christina Mchale,L
2015,2015-05-04,Serena Williams,Madison Brengle,W
2015,2015-05-04,Serena Williams,Sloane Stephens,W
2015,2015-05-04,Serena Williams,Victoria Azarenka,W
2015,2015-05-04,Serena Williams,Carla Suarez Navarro,W
2015,2015-05-04,Serena Williams,Petra Kvitova,L
2015,2015-04-18,Serena Williams,Camila Giorgi,W
2015,2015-04-18,Serena Williams,Sara Errani,W
2015,2015-03-23,Serena Williams,Monica Niculescu,W
2015,2015-03-23,Serena Williams,Catherine Bellis,W
2015,2015-03-23,Serena Williams,Svetlana Kuznetsova,W
2015,2015-03-23,Serena Williams,Sabine Lisicki,W
2015,2015-03-23,Serena Williams,Simona Halep,W
2015,2015-03-23,Serena Williams,Carla Suarez Navarro,W
2015,2015-03-09,Serena Williams,Monica Niculescu,W
2015,2015-03-09,Serena Williams,Zarina Diyas,W
2015,2015-03-09,Serena Williams,Sloane Stephens,W
2015,2015-03-09,Serena Williams,Timea Bacsinszky,W
2015,2015-03-09,Serena Williams,Simona Halep,L
2015,2015-02-07,Serena Williams,Maria Irigoyen,W
2015,2015-01-19,Serena Williams,Alison Van Uytvanck,W
2015,2015-01-19,Serena Williams,Vera Zvonareva,W
2015,2015-01-19,Serena Williams,Elina Svitolina,W
2015,2015-01-19,Serena Williams,Garbine Muguruza,W
2015,2015-01-19,Serena Williams,Dominika Cibulkova,W
2015,2015-01-19,Serena Williams,Madison Keys,W
2015,2015-01-19,Serena Williams,Maria Sharapova,W
2014,2014-10-20,Serena Williams,Simona Halep,L
2014,2014-10-20,Serena Williams,Eugenie Bouchard,W
2014,2014-10-20,Serena Williams,Ana Ivanovic,W
2014,2014-10-20,Serena Williams,Caroline Wozniacki,W
2014,2014-10-20,Serena Williams,Simona Halep,W
2014,2014-09-29,Serena Williams,Silvia Soler-Espinosa,W
2014,2014-09-29,Serena Williams,Tsvetana Pironkova,W
2014,2014-09-29,Serena Williams,Lucie Safarova,W
2014,2014-09-29,Serena Williams,Samantha Stosur,L
2014,2014-09-22,Serena Williams,Alize Cornet,L
2014,2014-08-25,Serena Williams,Taylor Townsend,W
2014,2014-08-25,Serena Williams,Vania King,W
2014,2014-08-25,Serena Williams,Varvara Lepchenko,W
2014,2014-08-25,Serena Williams,Kaia Kanepi,W
2014,2014-08-25,Serena Williams,Flavia Pennetta,W
2014,2014-08-25,Serena Williams,Ekaterina Makarova,W
2014,2014-08-25,Serena Williams,Caroline Wozniacki,W
2014,2014-08-11,Serena Williams,Samantha Stosur,W
2014,2014-08-11,Serena Williams,Flavia Pennetta,W
2014,2014-08-11,Serena Williams,Jelena Jankovic,W
2014,2014-08-11,Serena Williams,Caroline Wozniacki,W
2014,2014-08-11,Serena Williams,Ana Ivanovic,W
2014,2014-08-04,Serena Williams,Samantha Stosur,W
2014,2014-08-04,Serena Williams,Lucie Safarova,W
2014,2014-08-04,Serena Williams,Caroline Wozniacki,W
2014,2014-08-04,Serena Williams,Venus Williams,L
2014,2014-07-28,Serena Williams,Karolina Pliskova,W
2014,2014-07-28,Serena Williams,Ana Ivanovic,W
2014,2014-07-28,Serena Williams,Andrea Petkovic,W
2014,2014-06-23,Serena Williams,Anna Tatishvili,W
2014,2014-06-23,Serena Williams,Chanelle Scheepers,W
2014,2014-06-23,Serena Williams,Alize Cornet,L
2014,2014-05-26,Serena Williams,Alize Lim,W
2014,2014-05-26,Serena Williams,Garbine Muguruza,L
2014,2014-05-12,Serena Williams,Andrea Petkovic,W
2014,2014-05-12,Serena Williams,Varvara Lepchenko,W
2014,2014-05-12,Serena Williams,Shuai Zhang,W
2014,2014-05-12,Serena Williams,Ana Ivanovic,W
2014,2014-05-12,Serena Williams,Sara Errani,W
2014,2014-05-05,Serena Williams,Belinda Bencic,W
2014,2014-05-05,Serena Williams,Shuai Peng,W
2014,2014-05-05,Serena Williams,Carla Suarez Navarro,W
2014,2014-05-05,Serena Williams,Petra Kvitova,L
2014,2014-03-31,Serena Williams,Jana Cepelova,L
2014,2014-03-17,Serena Williams,Yaroslava Shvedova,W
2014,2014-03-17,Serena Williams,Caroline Garcia,W
2014,2014-03-17,Serena Williams,Coco Vandeweghe,W
2014,2014-03-17,Serena Williams,Maria Sharapova,W
2014,2014-03-17,Serena Williams,Na Li,W
2014,2014-02-17,Serena Williams,Ekaterina Makarova,W
2014,2014-02-17,Serena Williams,Jelena Jankovic,W
2014,2014-02-17,Serena Williams,Alize Cornet,L
2014,2014-01-13,Serena Williams,Ashleigh Barty,W
2014,2014-01-13,Serena Williams,Vesna Dolonc,W
2014,2014-01-13,Serena Williams,Daniela Hantuchova,W
2014,2014-01-13,Serena Williams,Ana Ivanovic,L
2014,2014-12-30,Serena Williams,Andrea Petkovic,W
2014,2014-12-30,Serena Williams,Dominika Cibulkova,W
2014,2014-12-30,Serena Williams,Maria Sharapova,W
2014,2014-12-30,Serena Williams,Victoria Azarenka,W
2013,2013-10-21,Serena Williams,Agnieszka Radwanska,W
2013,2013-10-21,Serena Williams,Petra Kvitova,W
2013,2013-10-21,Serena Williams,Jelena Jankovic,W
2013,2013-10-21,Serena Williams,Na Li,W
2013,2013-09-30,Serena Williams,Elena Vesnina,W
2013,2013-09-30,Serena Williams,Francesca Schiavone,W
2013,2013-09-30,Serena Williams,Maria Kirilenko,W
2013,2013-09-30,Serena Williams,Caroline Wozniacki,W
2013,2013-09-30,Serena Williams,Agnieszka Radwanska,W
2013,2013-09-30,Serena Williams,Jelena Jankovic,W
2013,2013-08-26,Serena Williams,Francesca Schiavone,W
2013,2013-08-26,Serena Williams,Galina Voskoboeva,W
2013,2013-08-26,Serena Williams,Yaroslava Shvedova,W
2013,2013-08-26,Serena Williams,Sloane Stephens,W
2013,2013-08-26,Serena Williams,Carla Suarez Navarro,W
2013,2013-08-26,Serena Williams,Na Li,W
2013,2013-08-26,Serena Williams,Victoria Azarenka,W
2013,2013-08-12,Serena Williams,Eugenie Bouchard,W
2013,2013-08-12,Serena Williams,Mona Barthel,W
2013,2013-08-12,Serena Williams,Simona Halep,W
2013,2013-08-12,Serena Williams,Na Li,W
2013,2013-08-12,Serena Williams,Victoria Azarenka,L
2013,2013-08-05,Serena Williams,Francesca Schiavone,W
2013,2013-08-05,Serena Williams,Kirsten Flipkens,W
2013,2013-08-05,Serena Williams,Magdalena Rybarikova,W
2013,2013-08-05,Serena Williams,Agnieszka Radwanska,W
2013,2013-08-05,Serena Williams,Sorana Cirstea,W
2013,2013-07-15,Serena Williams,Sesil Karatantcheva,W
2013,2013-07-15,Serena Williams,Anna Tatishvili,W
2013,2013-07-15,Serena Williams,Lourdes Dominguez Lino,W
2013,2013-07-15,Serena Williams,Klara Koukalova,W
2013,2013-07-15,Serena Williams,Johanna Larsson,W
2013,2013-06-24,Serena Williams,Mandy Minella,W
2013,2013-06-24,Serena Williams,Caroline Garcia,W
2013,2013-06-24,Serena Williams,Kimiko Date,W
2013,2013-06-24,Serena Williams,Sabine Lisicki,L
2013,2013-05-27,Serena Williams,Anna Tatishvili,W
2013,2013-05-27,Serena Williams,Caroline Garcia,W
2013,2013-05-27,Serena Williams,Sorana Cirstea,W
2013,2013-05-27,Serena Williams,Roberta Vinci,W
2013,2013-05-27,Serena Williams,Svetlana Kuznetsova,W
2013,2013-05-27,Serena Williams,Sara Errani,W
2013,2013-05-27,Serena Williams,Maria Sharapova,W
2013,2013-05-13,Serena Williams,Laura Robson,W
2013,2013-05-13,Serena Williams,Dominika Cibulkova,W
2013,2013-05-13,Serena Williams,Carla Suarez Navarro,W
2013,2013-05-13,Serena Williams,Simona Halep,W
2013,2013-05-13,Serena Williams,Victoria Azarenka,W
2013,2013-05-06,Serena Williams,Yulia Putintseva,W
2013,2013-05-06,Serena Williams,Lourdes Dominguez Lino,W
2013,2013-05-06,Serena Williams,Maria Kirilenko,W
2013,2013-05-06,Serena Williams,Anabel Medina Garrigues,W
2013,2013-05-06,Serena Williams,Sara Errani,W
2013,2013-05-06,Serena Williams,Maria Sharapova,W
2013,2013-04-20,Serena Williams,Sofia Arvidsson,W
2013,2013-04-20,Serena Williams,Johanna Larsson,W
2013,2013-04-01,Serena Williams,Camila Giorgi,W
2013,2013-04-01,Serena Williams,Mallory Burdette,W
2013,2013-04-01,Serena Williams,Lucie Safarova,W
2013,2013-04-01,Serena Williams,Venus Williams,W
2013,2013-04-01,Serena Williams,Jelena Jankovic,W
2013,2013-03-18,Serena Williams,Flavia Pennetta,W
2013,2013-03-18,Serena Williams,Ayumi Morita,W
2013,2013-03-18,Serena Williams,Dominika Cibulkova,W
2013,2013-03-18,Serena Williams,Na Li,W
2013,2013-03-18,Serena Williams,Agnieszka Radwanska,W
2013,2013-03-18,Serena Williams,Maria Sharapova,W
2013,2013-02-18,Serena Williams,Marion Bartoli,L
2013,2013-02-11,Serena Williams,Daria Gavrilova,W
2013,2013-02-11,Serena Williams,Urszula Radwanska,W
2013,2013-02-11,Serena Williams,Petra Kvitova,W
2013,2013-02-11,Serena Williams,Maria Sharapova,W
2013,2013-02-11,Serena Williams,Victoria Azarenka,L
2013,2013-01-14,Serena Williams,Edina Gallovits-Hall,W
2013,2013-01-14,Serena Williams,Garbine Muguruza,W
2013,2013-01-14,Serena Williams,Ayumi Morita,W
2013,2013-01-14,Serena Williams,Maria Kirilenko,W
2013,2013-01-14,Serena Williams,Sloane Stephens,L
2013,2013-01-01,Serena Williams,Varvara Lepchenko,W
2013,2013-01-01,Serena Williams,Alize Cornet,W
2013,2013-01-01,Serena Williams,Sloane Stephens,W
2013,2013-01-01,Serena Williams,Victoria Azarenka,W
2013,2013-01-01,Serena Williams,Anastasia Pavlyuchenkova,W
2012,2012-10-23,Serena Williams,Na Li,W
2012,2012-10-23,Serena Williams,Victoria Azarenka,W
2012,2012-10-23,Serena Williams,Agnieszka Radwanska,W
2012,2012-10-23,Serena Williams,Maria Sharapova,W
2012,2012-08-27,Serena Williams,Coco Vandeweghe,W
2012,2012-08-27,Serena Williams,Maria Jose Martinez Sanchez,W
2012,2012-08-27,Serena Williams,Ekaterina Makarova,W
2012,2012-08-27,Serena Williams,Andrea Hlavackova,W
2012,2012-08-27,Serena Williams,Ana Ivanovic,W
2012,2012-08-27,Serena Williams,Sara Errani,W
2012,2012-08-27,Serena Williams,Victoria Azarenka,W
2012,2012-08-13,Serena Williams,Eleni Daniilidou,W
2012,2012-08-13,Serena Williams,Urszula Radwanska,W
2012,2012-07-28,Serena Williams,Jelena Jankovic,W
2012,2012-07-28,Serena Williams,Urszula Radwanska,W
2012,2012-07-28,Serena Williams,Vera Zvonareva,W
2012,2012-07-28,Serena Williams,Caroline Wozniacki,W
2012,2012-07-28,Serena Williams,Victoria Azarenka,W
2012,2012-07-28,Serena Williams,Maria Sharapova,W
2012,2012-07-09,Serena Williams,Nicole Gibbs,W
2012,2012-07-09,Serena Williams,Chanelle Scheepers,W
2012,2012-07-09,Serena Williams,Sorana Cirstea,W
2012,2012-07-09,Serena Williams,Coco Vandeweghe,W
2012,2012-06-25,Serena Williams,Barbora Strycova,W
2012,2012-06-25,Serena Williams,Melinda Czink,W
2012,2012-06-25,Serena Williams,Jie Zheng,W
2012,2012-06-25,Serena Williams,Yaroslava Shvedova,W
2012,2012-06-25,Serena Williams,Petra Kvitova,W
2012,2012-06-25,Serena Williams,Victoria Azarenka,W
2012,2012-06-25,Serena Williams,Agnieszka Radwanska,W
2012,2012-05-28,Serena Williams,Virginie Razzano,L
2012,2012-05-14,Serena Williams,Galina Voskoboeva,W
2012,2012-05-14,Serena Williams,Nadia Petrova,W
2012,2012-05-14,Serena Williams,Anabel Medina Garrigues,W
2012,2012-05-14,Serena Williams,Flavia Pennetta,W
2012,2012-05-14,Serena Williams,Na Li,L
2012,2012-05-07,Serena Williams,Elena Vesnina,W
2012,2012-05-07,Serena Williams,Anastasia Pavlyuchenkova,W
2012,2012-05-07,Serena Williams,Caroline Wozniacki,W
2012,2012-05-07,Serena Williams,Maria Sharapova,W
2012,2012-05-07,Serena Williams,Lucie Hradecka,W
2012,2012-05-07,Serena Williams,Victoria Azarenka,W
2012,2012-04-21,Serena Williams,Lesia Tsurenko,W
2012,2012-04-21,Serena Williams,Elina Svitolina,W
2012,2012-04-02,Serena Williams,Elena Vesnina,W
2012,2012-04-02,Serena Williams,Marina Erakovic,W
2012,2012-04-02,Serena Williams,Sabine Lisicki,W
2012,2012-04-02,Serena Williams,Samantha Stosur,W
2012,2012-04-02,Serena Williams,Lucie Safarova,W
2012,2012-03-20,Serena Williams,Shuai Zhang,W
2012,2012-03-20,Serena Williams,Roberta Vinci,W
2012,2012-03-20,Serena Williams,Samantha Stosur,W
2012,2012-03-20,Serena Williams,Caroline Wozniacki,L
2012,2012-02-04,Serena Williams,Anastasiya Yakimova,W
2012,2012-02-04,Serena Williams,Olga Govortsova,W
2012,2012-01-16,Serena Williams,Tamira Paszek,W
2012,2012-01-16,Serena Williams,Barbora Strycova,W
2012,2012-01-16,Serena Williams,Greta Arn,W
2012,2012-01-16,Serena Williams,Ekaterina Makarova,L
2012,2012-01-02,Serena Williams,Chanelle Scheepers,W
2012,2012-01-02,Serena Williams,Bojana Jovanovski,W
2012,2012-01-02,Serena Williams,Daniela Hantuchova,L
2011,2011-08-29,Serena Williams,Bojana Jovanovski,W
2011,2011-08-29,Serena Williams,Michaella Krajicek,W
2011,2011-08-29,Serena Williams,Victoria Azarenka,W
2011,2011-08-29,Serena Williams,Ana Ivanovic,W
2011,2011-08-29,Serena Williams,Anastasia Pavlyuchenkova,W
2011,2011-08-29,Serena Williams,Caroline Wozniacki,W
2011,2011-08-29,Serena Williams,Samantha Stosur,L
2011,2011-08-15,Serena Williams,Lucie Hradecka,W
2011,2011-08-15,Serena Williams,Samantha Stosur,L
2011,2011-08-08,Serena Williams,Alona Bondarenko,W
2011,2011-08-08,Serena Williams,Julia Goerges,W
2011,2011-08-08,Serena Williams,Jie Zheng,W
2011,2011-08-08,Serena Williams,Lucie Safarova,W
2011,2011-08-08,Serena Williams,Victoria Azarenka,W
2011,2011-08-08,Serena Williams,Samantha Stosur,W
2011,2011-07-25,Serena Williams,Anastasia Rodionova,W
2011,2011-07-25,Serena Williams,Maria Kirilenko,W
2011,2011-07-25,Serena Williams,Maria Sharapova,W
2011,2011-07-25,Serena Williams,Sabine Lisicki,W
2011,2011-07-25,Serena Williams,Marion Bartoli,W
2011,2011-06-20,Serena Williams,Aravane Rezai,W
2011,2011-06-20,Serena Williams,Simona Halep,W
2011,2011-06-20,Serena Williams,Maria Kirilenko,W
2011,2011-06-20,Serena Williams,Marion Bartoli,L
2011,2011-06-13,Serena Williams,Tsvetana Pironkova,W
2011,2011-06-13,Serena Williams,Vera Zvonareva,L
2010,2010-06-21,Serena Williams,Michelle Larcher De Brito,W
2010,2010-06-21,Serena Williams,Anna Chakvetadze,W
2010,2010-06-21,Serena Williams,Dominika Cibulkova,W
2010,2010-06-21,Serena Williams,Maria Sharapova,W
2010,2010-06-21,Serena Williams,Na Li,W
2010,2010-06-21,Serena Williams,Petra Kvitova,W
2010,2010-06-21,Serena Williams,Vera Zvonareva,W
2010,2010-05-24,Serena Williams,Stefanie Voegele,W
2010,2010-05-24,Serena Williams,Julia Goerges,W
2010,2010-05-24,Serena Williams,Anastasia Pavlyuchenkova,W
2010,2010-05-24,Serena Williams,Shahar Peer,W
2010,2010-05-24,Serena Williams,Samantha Stosur,L
2010,2010-05-10,Serena Williams,Vera Dushevina,W
2010,2010-05-10,Serena Williams,Nadia Petrova,L
2010,2010-05-03,Serena Williams,Timea Bacsinszky,W
2010,2010-05-03,Serena Williams,Andrea Petkovic,W
2010,2010-05-03,Serena Williams,Maria Kirilenko,W
2010,2010-05-03,Serena Williams,Jelena Jankovic,L
2010,2010-01-18,Serena Williams,Urszula Radwanska,W
2010,2010-01-18,Serena Williams,Petra Kvitova,W
2010,2010-01-18,Serena Williams,Carla Suarez Navarro,W
2010,2010-01-18,Serena Williams,Samantha Stosur,W
2010,2010-01-18,Serena Williams,Victoria Azarenka,W
2010,2010-01-18,Serena Williams,Na Li,W
2010,2010-01-18,Serena Williams,Justine Henin,W
2010,2010-01-11,Serena Williams,Maria Jose Martinez Sanchez,W
2010,2010-01-11,Serena Williams,Vera Dushevina,W
2010,2010-01-11,Serena Williams,Aravane Rezai,W
2010,2010-01-11,Serena Williams,Elena Dementieva,L
2009,2009-10-26,Serena Williams,Elena Dementieva,W
2009,2009-10-26,Serena Williams,Venus Williams,W
2009,2009-10-26,Serena Williams,Svetlana Kuznetsova,W
2009,2009-10-26,Serena Williams,Caroline Wozniacki,W
2009,2009-10-05,Serena Williams,Kaia Kanepi,W
2009,2009-10-05,Serena Williams,Ekaterina Makarova,W
2009,2009-10-05,Serena Williams,Nadia Petrova,L
2009,2009-08-31,Serena Williams,Alexa Glatch,W
2009,2009-08-31,Serena Williams,Melinda Czink,W
2009,2009-08-31,Serena Williams,Maria Jose Martinez Sanchez,W
2009,2009-08-31,Serena Williams,Daniela Hantuchova,W
2009,2009-08-31,Serena Williams,Flavia Pennetta,W
2009,2009-08-31,Serena Williams,Kim Clijsters,L
2009,2009-08-17,Serena Williams,Yaroslava Shvedova,W
2009,2009-08-17,Serena Williams,Alona Bondarenko,W
2009,2009-08-17,Serena Williams,Lucie Safarova,W
2009,2009-08-17,Serena Williams,Elena Dementieva,L
2009,2009-08-10,Serena Williams,Kateryna Bondarenko,W
2009,2009-08-10,Serena Williams,Sybille Bammer,L
2009,2009-07-27,Serena Williams,Na Li,W
2009,2009-07-27,Serena Williams,Melinda Czink,W
2009,2009-07-27,Serena Williams,Samantha Stosur,L
2009,2009-06-22,Serena Williams,Neuza Silva,W
2009,2009-06-22,Serena Williams,Jarmila Wolfe,W
2009,2009-06-22,Serena Williams,Roberta Vinci,W
2009,2009-06-22,Serena Williams,Daniela Hantuchova,W
2009,2009-06-22,Serena Williams,Victoria Azarenka,W
2009,2009-06-22,Serena Williams,Elena Dementieva,W
2009,2009-06-22,Serena Williams,Venus Williams,W
2009,2009-05-25,Serena Williams,Klara Koukalova,W
2009,2009-05-25,Serena Williams,Virginia Ruano Pascual,W
2009,2009-05-25,Serena Williams,Maria Jose Martinez Sanchez,W
2009,2009-05-25,Serena Williams,Aleksandra Wozniak,W
2009,2009-05-25,Serena Williams,Svetlana Kuznetsova,L
2009,2009-05-11,Serena Williams,Francesca Schiavone,L
2009,2009-05-04,Serena Williams,Patty Schnyder,L
2009,2009-04-06,Serena Williams,Klara Koukalova,L
2009,2009-03-25,Serena Williams,Alexa Glatch,W
2009,2009-03-25,Serena Williams,Shuai Peng,W
2009,2009-03-25,Serena Williams,Jie Zheng,W
2009,2009-03-25,Serena Williams,Na Li,W
2009,2009-03-25,Serena Williams,Venus Williams,W
2009,2009-03-25,Serena Williams,Victoria Azarenka,L
2009,2009-02-16,Serena Williams,Sara Errani,W
2009,2009-02-16,Serena Williams,Jie Zheng,W
2009,2009-02-16,Serena Williams,Ana Ivanovic,W
2009,2009-02-16,Serena Williams,Venus Williams,L
2009,2009-02-09,Serena Williams,Iveta Melzer,W
2009,2009-02-09,Serena Williams,Karolina Sprem,W
2009,2009-02-09,Serena Williams,Emilie Loit,W
2009,2009-02-09,Serena Williams,Elena Dementieva,L
2009,2009-01-19,Serena Williams,Meng Yuan,W
2009,2009-01-19,Serena Williams,Gisela Dulko,W
2009,2009-01-19,Serena Williams,Shuai Peng,W
2009,2009-01-19,Serena Williams,Victoria Azarenka,W
2009,2009-01-19,Serena Williams,Svetlana Kuznetsova,W
2009,2009-01-19,Serena Williams,Elena Dementieva,W
2009,2009-01-19,Serena Williams,Dinara Safina,W
2009,2009-01-12,Serena Williams,Samantha Stosur,W
2009,2009-01-12,Serena Williams,Sara Errani,W
2009,2009-01-12,Serena Williams,Caroline Wozniacki,W
2009,2009-01-12,Serena Williams,Elena Dementieva,L
2008,2008-11-03,Serena Williams,Dinara Safina,W
2008,2008-11-03,Serena Williams,Venus Williams,L
2008,2008-09-29,Serena Williams,Na Li,L
2008,2008-08-25,Serena Williams,Kateryna Bondarenko,W
2008,2008-08-25,Serena Williams,Elena Vesnina,W
2008,2008-08-25,Serena Williams,Ai Sugiyama,W
2008,2008-08-25,Serena Williams,Severine Beltrame,W
2008,2008-08-25,Serena Williams,Venus Williams,W
2008,2008-08-25,Serena Williams,Dinara Safina,W
2008,2008-08-25,Serena Williams,Jelena Jankovic,W
2008,2008-08-11,Serena Williams,Olga Govortsova,W
2008,2008-08-11,Serena Williams,Samantha Stosur,W
2008,2008-08-11,Serena Williams,Alize Cornet,W
2008,2008-08-11,Serena Williams,Elena Dementieva,L
2008,2008-07-14,Serena Williams,Michelle Larcher De Brito,W
2008,2008-07-14,Serena Williams,Patty Schnyder,W
2008,2008-07-14,Serena Williams,Aleksandra Wozniak,L
2008,2008-06-23,Serena Williams,Kaia Kanepi,W
2008,2008-06-23,Serena Williams,Urszula Radwanska,W
2008,2008-06-23,Serena Williams,Amelie Mauresmo,W
2008,2008-06-23,Serena Williams,Bethanie Mattek-Sands,W
2008,2008-06-23,Serena Williams,Agnieszka Radwanska,W
2008,2008-06-23,Serena Williams,Jie Zheng,W
2008,2008-06-23,Serena Williams,Venus Williams,L
2008,2008-05-26,Serena Williams,Ashley Harkleroad,W
2008,2008-05-26,Serena Williams,Mathilde Johansson,W
2008,2008-05-26,Serena Williams,Katarina Srebotnik,L
2008,2008-05-12,Serena Williams,Alona Bondarenko,W
2008,2008-05-12,Serena Williams,Sara Errani,W
2008,2008-05-12,Serena Williams,Alize Cornet,L
2008,2008-05-05,Serena Williams,Francesca Schiavone,W
2008,2008-05-05,Serena Williams,Agnieszka Radwanska,W
2008,2008-05-05,Serena Williams,Dinara Safina,L
2008,2008-04-14,Serena Williams,Gisela Dulko,W
2008,2008-04-14,Serena Williams,Katarina Srebotnik,W
2008,2008-04-14,Serena Williams,Maria Sharapova,W
2008,2008-04-14,Serena Williams,Alize Cornet,W
2008,2008-04-14,Serena Williams,Vera Zvonareva,W
2008,2008-03-24,Serena Williams,Edina Gallovits-Hall,W
2008,2008-03-24,Serena Williams,Flavia Pennetta,W
2008,2008-03-24,Serena Williams,Kaia Kanepi,W
2008,2008-03-24,Serena Williams,Justine Henin,W
2008,2008-03-24,Serena Williams,Svetlana Kuznetsova,W
2008,2008-03-24,Serena Williams,Jelena Jankovic,W
2008,2008-03-03,Serena Williams,Tzipora Obziler,W
2008,2008-03-03,Serena Williams,Anastasia Rodionova,W
2008,2008-03-03,Serena Williams,Venus Williams,W
2008,2008-03-03,Serena Williams,Patty Schnyder,W
2008,2008-01-14,Serena Williams,Jarmila Wolfe,W
2008,2008-01-14,Serena Williams,Meng Yuan,W
2008,2008-01-14,Serena Williams,Victoria Azarenka,W
2008,2008-01-14,Serena Williams,Nicole Vaidisova,W
2008,2008-01-14,Serena Williams,Jelena Jankovic,L
2007,2007-11-05,Serena Williams,Anna Chakvetadze,L
2007,2007-10-15,Serena Williams,Patty Schnyder,L
2007,2007-10-08,Serena Williams,Tatiana Perebiynis,W
2007,2007-10-08,Serena Williams,Nicole Vaidisova,W
2007,2007-10-08,Serena Williams,Svetlana Kuznetsova,W
2007,2007-10-08,Serena Williams,Elena Dementieva,L
2007,2007-10-01,Serena Williams,Elena Bovina,W
2007,2007-10-01,Serena Williams,Julia Vakulenko,W
2007,2007-10-01,Serena Williams,Svetlana Kuznetsova,L
2007,2007-08-27,Serena Williams,Maria Elena Camerin,W
2007,2007-08-27,Serena Williams,Vera Zvonareva,W
2007,2007-08-27,Serena Williams,Marion Bartoli,W
2007,2007-08-27,Serena Williams,Justine Henin,L
2007,2007-06-25,Serena Williams,Lourdes Dominguez Lino,W
2007,2007-06-25,Serena Williams,Alicia Molik,W
2007,2007-06-25,Serena Williams,Milagros Sequera,W
2007,2007-06-25,Serena Williams,Daniela Hantuchova,W
2007,2007-06-25,Serena Williams,Justine Henin,L
2007,2007-05-28,Serena Williams,Tsvetana Pironkova,W
2007,2007-05-28,Serena Williams,Milagros Sequera,W
2007,2007-05-28,Serena Williams,Michaella Krajicek,W
2007,2007-05-28,Serena Williams,Dinara Safina,W
2007,2007-05-28,Serena Williams,Justine Henin,L
2007,2007-05-14,Serena Williams,Michaella Krajicek,W
2007,2007-05-14,Serena Williams,Shahar Peer,W
2007,2007-05-14,Serena Williams,Patty Schnyder,L
2007,2007-04-21,Serena Williams,Caroline Maes,W
2007,2007-04-09,Serena Williams,Yung-Jan Chan,L
2007,2007-03-21,Serena Williams,Anastasia Rodionova,W
2007,2007-03-21,Serena Williams,Lucie Safarova,W
2007,2007-03-21,Serena Williams,Maria Sharapova,W
2007,2007-03-21,Serena Williams,Nicole Vaidisova,W
2007,2007-03-21,Serena Williams,Shahar Peer,W
2007,2007-03-21,Serena Williams,Justine Henin,W
2007,2007-01-15,Serena Williams,Mara Santangelo,W
2007,2007-01-15,Serena Williams,Anne Kremer,W
2007,2007-01-15,Serena Williams,Nadia Petrova,W
2007,2007-01-15,Serena Williams,Jelena Jankovic,W
2007,2007-01-15,Serena Williams,Shahar Peer,W
2007,2007-01-15,Serena Williams,Nicole Vaidisova,W
2007,2007-01-15,Serena Williams,Maria Sharapova,W
2007,2007-01-08,Serena Williams,Sofia Arvidsson,W
2007,2007-01-08,Serena Williams,Lucie Safarova,W
2007,2007-01-08,Serena Williams,Sybille Bammer,L
2006,2006-08-28,Serena Williams,Lourdes Dominguez Lino,W
2006,2006-08-28,Serena Williams,Daniela Hantuchova,W
2006,2006-08-28,Serena Williams,Ana Ivanovic,W
2006,2006-08-28,Serena Williams,Amelie Mauresmo,L
2006,2006-08-07,Serena Williams,Maria Kirilenko,W
2006,2006-08-07,Serena Williams,Ashley Harkleroad,W
2006,2006-08-07,Serena Williams,Daniela Hantuchova,W
2006,2006-08-07,Serena Williams,Meghann Shaughnessy,W
2006,2006-08-07,Serena Williams,Jelena Jankovic,L
