Season_Yr,Visitor_Team,V_PTS,Home_Team,H_PTS
2012,SFG,4,ARI,5
2012,SFG,4,ARI,5
2012,SFG,6,ARI,7
2012,PIT,1,ARI,5
2012,PIT,5,ARI,4
2012,PIT,2,ARI,1
2012,ATL,10,ARI,2
2012,ATL,9,ARI,1
2012,ATL,3,ARI,2
2012,ATL,4,ARI,6
2012,PHI,5,ARI,9
2012,PHI,8,ARI,5
2012,PHI,7,ARI,2
2012,STL,9,ARI,6
2012,STL,6,ARI,1
2012,STL,7,ARI,2
2012,SFG,1,ARI,5
2012,SFG,5,ARI,2
2012,SFG,7,ARI,3
2012,LAD,6,ARI,1
2012,LAD,8,ARI,7
2012,LAD,4,ARI,11
2012,MIL,7,ARI,1
2012,MIL,5,ARI,8
2012,MIL,3,ARI,4
2012,COL,4,ARI,0
2012,COL,0,ARI,10
2012,COL,1,ARI,6
2012,OAK,8,ARI,9
2012,OAK,3,ARI,8
2012,OAK,3,ARI,4
2012,SEA,1,ARI,7
2012,SEA,12,ARI,9
2012,SEA,10,ARI,14
2012,CHC,1,ARI,6
2012,CHC,5,ARI,10
2012,CHC,1,ARI,5
2012,SDP,6,ARI,2
2012,SDP,9,ARI,5
2012,SDP,8,ARI,6
2012,LAD,4,ARI,1
2012,LAD,3,ARI,5
2012,LAD,3,ARI,5
2012,LAD,1,ARI,7
2012,HOU,8,ARI,13
2012,HOU,3,ARI,12
2012,HOU,2,ARI,8
2012,COL,3,ARI,6
2012,COL,2,ARI,6
2012,COL,4,ARI,2
2012,NYM,3,ARI,1
2012,NYM,5,ARI,11
2012,NYM,3,ARI,6
2012,NYM,5,ARI,1
2012,WSN,9,ARI,1
2012,WSN,6,ARI,5
2012,WSN,4,ARI,7
2012,MIA,12,ARI,3
2012,MIA,6,ARI,5
2012,MIA,2,ARI,3
2012,MIA,0,ARI,3
2012,SDP,5,ARI,0
2012,SDP,9,ARI,3
2012,SDP,5,ARI,4
2012,CIN,3,ARI,2
2012,CIN,5,ARI,2
2012,CIN,6,ARI,2
2012,LAD,0,ARI,1
2012,LAD,2,ARI,3
2012,SFG,6,ARI,2
2012,SFG,3,ARI,2
2012,SFG,2,ARI,10
2012,SDP,2,ARI,3
2012,SDP,2,ARI,6
2012,SDP,6,ARI,5
2012,CHC,3,ARI,8
2012,CHC,2,ARI,8
2012,CHC,7,ARI,2
2012,COL,7,ARI,5
2012,COL,3,ARI,5
2012,COL,2,ARI,1
2012,MIL,8,ATL,10
2012,MIL,1,ATL,2
2012,MIL,4,ATL,7
2012,NYM,6,ATL,1
2012,NYM,3,ATL,9
2012,NYM,6,ATL,14
2012,PIT,1,ATL,6
2012,PIT,4,ATL,2
2012,PIT,3,ATL,4
2012,PIT,9,ATL,3
2012,PHI,4,ATL,2
2012,PHI,13,ATL,15
2012,PHI,4,ATL,0
2012,CIN,3,ATL,1
2012,CIN,2,ATL,6
2012,MIA,8,ATL,4
2012,MIA,0,ATL,7
2012,WSN,7,ATL,4
2012,WSN,8,ATL,4
2012,WSN,7,ATL,2
2012,STL,8,ATL,2
2012,STL,4,ATL,5
2012,STL,7,ATL,10
2012,TOR,3,ATL,4
2012,TOR,2,ATL,5
2012,TOR,12,ATL,4
2012,NYY,3,ATL,0
2012,NYY,6,ATL,4
2012,NYY,3,ATL,2
2012,BAL,2,ATL,4
2012,BAL,5,ATL,0
2012,BAL,2,ATL,0
2012,ARI,1,ATL,8
2012,ARI,4,ATL,6
2012,ARI,3,ATL,2
2012,WSN,5,ATL,4
2012,WSN,5,ATL,7
2012,WSN,8,ATL,4
2012,CHC,4,ATL,1
2012,CHC,3,ATL,10
2012,CHC,5,ATL,1
2012,CHC,3,ATL,7
2012,NYM,5,ATL,7
2012,NYM,7,ATL,8
2012,NYM,1,ATL,6
2012,SFG,9,ATL,0
2012,SFG,9,ATL,4
2012,SFG,2,ATL,3
2012,PHI,1,ATL,6
2012,PHI,1,ATL,2
2012,PHI,2,ATL,6
2012,MIA,2,ATL,8
2012,MIA,1,ATL,7
2012,MIA,4,ATL,2
2012,MIA,1,ATL,6
2012,HOU,1,ATL,4
2012,HOU,3,ATL,2
2012,HOU,1,ATL,6
2012,SDP,4,ATL,1
2012,SDP,0,ATL,6
2012,SDP,1,ATL,6
2012,SDP,0,ATL,6
2012,LAD,3,ATL,4
2012,LAD,6,ATL,2
2012,LAD,5,ATL,0
2012,PHI,8,ATL,5
2012,PHI,5,ATL,1
2012,PHI,7,ATL,8
2012,COL,1,ATL,6
2012,COL,6,ATL,0
2012,COL,0,ATL,1
2012,COL,0,ATL,1
2012,WSN,1,ATL,2
2012,WSN,4,ATL,5
2012,WSN,1,ATL,5
2012,MIA,3,ATL,4
2012,MIA,0,ATL,3
2012,MIA,2,ATL,6
2012,NYM,3,ATL,1
2012,NYM,0,ATL,2
2012,NYM,2,ATL,6
2012,MIN,2,BAL,4
2012,MIN,2,BAL,8
2012,MIN,1,BAL,3
2012,NYY,6,BAL,2
2012,NYY,5,BAL,4
2012,NYY,6,BAL,4
2012,TOR,1,BAL,2
2012,TOR,0,BAL,3
2012,TOR,2,BAL,5
2012,OAK,5,BAL,2
2012,OAK,1,BAL,10
2012,OAK,2,BAL,5
2012,TEX,14,BAL,3
2012,TEX,10,BAL,3
2012,TEX,5,BAL,6
2012,TEX,7,BAL,3
2012,TBR,3,BAL,4
2012,TBR,3,BAL,5
2012,TBR,9,BAL,8
2012,NYY,8,BAL,5
2012,NYY,2,BAL,5
2012,BOS,8,BAL,6
2012,BOS,1,BAL,4
2012,BOS,6,BAL,5
2012,KCR,2,BAL,8
2012,KCR,4,BAL,3
2012,KCR,4,BAL,2
2012,PHI,9,BAL,6
2012,PHI,4,BAL,6
2012,PHI,4,BAL,5
2012,PIT,6,BAL,8
2012,PIT,1,BAL,7
2012,PIT,6,BAL,12
2012,WSN,1,BAL,2
2012,WSN,3,BAL,1
2012,WSN,1,BAL,2
2012,LAA,7,BAL,3
2012,LAA,13,BAL,1
2012,CLE,7,BAL,2
2012,CLE,8,BAL,9
2012,CLE,11,BAL,5
2012,CLE,6,BAL,2
2012,DET,7,BAL,2
2012,DET,6,BAL,8
2012,DET,4,BAL,0
2012,TBR,3,BAL,1
2012,TBR,10,BAL,1
2012,TBR,2,BAL,6
2012,OAK,14,BAL,9
2012,OAK,6,BAL,1
2012,OAK,1,BAL,6
2012,SEA,1,BAL,3
2012,SEA,7,BAL,8
2012,SEA,2,BAL,9
2012,KCR,8,BAL,2
2012,KCR,1,BAL,7
2012,KCR,7,BAL,3
2012,KCR,3,BAL,5
2012,BOS,1,BAL,7
2012,BOS,3,BAL,5
2012,BOS,6,BAL,3
2012,TOR,4,BAL,6
2012,TOR,2,BAL,8
2012,CHW,3,BAL,4
2012,CHW,0,BAL,6
2012,CHW,8,BAL,1
2012,CHW,3,BAL,5
2012,NYY,6,BAL,10
2012,NYY,8,BAL,5
2012,NYY,4,BAL,5
2012,NYY,13,BAL,3
2012,TBR,2,BAL,9
2012,TBR,2,BAL,3
2012,TBR,2,BAL,3
2012,TOR,1,BAL,4
2012,TOR,9,BAL,5
2012,TOR,4,BAL,0
2012,TOR,2,BAL,12
2012,BOS,1,BAL,9
2012,BOS,3,BAL,4
2012,BOS,3,BAL,6
2012,TBR,2,BOS,12
2012,TBR,5,BOS,13
2012,TBR,4,BOS,6
2012,TBR,1,BOS,0
2012,TEX,18,BOS,3
2012,TEX,6,BOS,3
2012,NYY,6,BOS,2
2012,NYY,15,BOS,9
2012,OAK,6,BOS,11
2012,OAK,5,BOS,3
2012,OAK,4,BOS,2
2012,BAL,6,BOS,4
2012,BAL,8,BOS,2
2012,BAL,9,BOS,6
2012,CLE,8,BOS,3
2012,CLE,5,BOS,7
2012,CLE,1,BOS,4
2012,CLE,1,BOS,12
2012,SEA,1,BOS,6
2012,SEA,0,BOS,5
2012,TBR,7,BOS,4
2012,TBR,2,BOS,3
2012,TBR,4,BOS,3
2012,DET,4,BOS,7
2012,DET,3,BOS,6
2012,DET,4,BOS,6
2012,DET,7,BOS,3
2012,BAL,8,BOS,6
2012,BAL,2,BOS,1
2012,BAL,0,BOS,7
2012,WSN,7,BOS,4
2012,WSN,4,BOS,2
2012,WSN,4,BOS,3
2012,MIA,5,BOS,7
2012,MIA,5,BOS,15
2012,MIA,5,BOS,6
2012,ATL,4,BOS,1
2012,ATL,4,BOS,8
2012,ATL,4,BOS,9
2012,TOR,9,BOS,6
2012,TOR,1,BOS,5
2012,TOR,4,BOS,10
2012,NYY,10,BOS,8
2012,NYY,6,BOS,1
2012,NYY,5,BOS,9
2012,NYY,7,BOS,3
2012,CHW,1,BOS,5
2012,CHW,7,BOS,5
2012,CHW,1,BOS,10
2012,CHW,1,BOS,3
2012,TOR,6,BOS,1
2012,TOR,7,BOS,3
2012,TOR,15,BOS,7
2012,DET,3,BOS,7
2012,DET,1,BOS,4
2012,DET,7,BOS,5
2012,MIN,5,BOS,0
2012,MIN,6,BOS,5
2012,MIN,6,BOS,4
2012,MIN,4,BOS,6
2012,TEX,2,BOS,9
2012,TEX,6,BOS,3
2012,TEX,10,BOS,9
2012,LAA,5,BOS,3
2012,LAA,7,BOS,3
2012,LAA,14,BOS,13
2012,KCR,3,BOS,4
2012,KCR,10,BOS,9
2012,KCR,6,BOS,8
2012,KCR,1,BOS,5
2012,TOR,7,BOS,5
2012,TOR,9,BOS,2
2012,TOR,4,BOS,3
2012,NYY,3,BOS,4
2012,NYY,5,BOS,4
2012,NYY,2,BOS,0
2012,BAL,4,BOS,2
2012,BAL,9,BOS,6
2012,BAL,1,BOS,2
2012,TBR,5,BOS,2
2012,TBR,4,BOS,2
2012,WSN,2,CHC,1
2012,WSN,7,CHC,4
2012,WSN,3,CHC,4
2012,MIL,7,CHC,5
2012,MIL,7,CHC,4
2012,MIL,2,CHC,1
2012,MIL,0,CHC,8
2012,CIN,9,CHC,4
2012,CIN,1,CHC,6
2012,CIN,4,CHC,3
2012,STL,2,CHC,3
2012,STL,2,CHC,3
2012,STL,5,CHC,1
2012,LAD,4,CHC,5
2012,LAD,5,CHC,1
2012,LAD,3,CHC,4
2012,ATL,1,CHC,5
2012,ATL,3,CHC,1
2012,ATL,0,CHC,1
2012,PHI,9,CHC,2
2012,PHI,8,CHC,7
2012,CHW,3,CHC,2
2012,CHW,7,CHC,4
2012,CHW,6,CHC,0
2012,SDP,7,CHC,11
2012,SDP,3,CHC,5
2012,SDP,6,CHC,8
2012,DET,3,CHC,4
2012,DET,8,CHC,4
2012,DET,5,CHC,3
2012,BOS,0,CHC,3
2012,BOS,4,CHC,3
2012,BOS,7,CHC,4
2012,NYM,1,CHC,6
2012,NYM,3,CHC,5
2012,NYM,17,CHC,1
2012,HOU,0,CHC,4
2012,HOU,2,CHC,3
2012,HOU,0,CHC,3
2012,ARI,1,CHC,8
2012,ARI,1,CHC,4
2012,ARI,1,CHC,3
2012,MIA,9,CHC,5
2012,MIA,1,CHC,5
2012,MIA,2,CHC,4
2012,STL,9,CHC,6
2012,STL,2,CHC,3
2012,STL,2,CHC,4
2012,PIT,4,CHC,14
2012,PIT,5,CHC,0
2012,PIT,8,CHC,4
2012,CIN,3,CHC,5
2012,CIN,10,CHC,8
2012,CIN,4,CHC,2
2012,CIN,3,CHC,0
2012,HOU,1,CHC,7
2012,HOU,10,CHC,1
2012,HOU,2,CHC,7
2012,COL,3,CHC,5
2012,COL,4,CHC,3
2012,COL,0,CHC,5
2012,MIL,15,CHC,4
2012,MIL,4,CHC,1
2012,MIL,3,CHC,1
2012,MIL,11,CHC,12
2012,SFG,4,CHC,6
2012,SFG,5,CHC,2
2012,SFG,7,CHC,5
2012,PIT,4,CHC,7
2012,PIT,7,CHC,6
2012,PIT,9,CHC,13
2012,PIT,3,CHC,0
2012,CIN,3,CHC,1
2012,CIN,6,CHC,5
2012,CIN,5,CHC,3
2012,STL,4,CHC,5
2012,STL,5,CHC,4
2012,STL,6,CHC,3
2012,HOU,3,CHC,0
2012,HOU,3,CHC,0
2012,HOU,4,CHC,5
2012,DET,2,CHW,5
2012,DET,1,CHW,5
2012,DET,5,CHW,2
2012,BAL,10,CHW,4
2012,BAL,3,CHW,2
2012,BAL,1,CHW,8
2012,BAL,5,CHW,3
2012,BOS,10,CHW,3
2012,BOS,10,CHW,3
2012,BOS,1,CHW,0
2012,BOS,1,CHW,4
2012,CLE,2,CHW,7
2012,CLE,6,CHW,3
2012,CLE,7,CHW,5
2012,KCR,0,CHW,5
2012,KCR,5,CHW,0
2012,KCR,9,CHW,1
2012,DET,5,CHW,7
2012,DET,10,CHW,8
2012,MIN,9,CHW,2
2012,MIN,0,CHW,6
2012,MIN,8,CHW,11
2012,CLE,3,CHW,9
2012,CLE,7,CHW,14
2012,CLE,6,CHW,12
2012,SEA,4,CHW,7
2012,SEA,10,CHW,8
2012,SEA,2,CHW,4
2012,TOR,9,CHW,5
2012,TOR,4,CHW,0
2012,TOR,3,CHW,4
2012,HOU,8,CHW,3
2012,HOU,1,CHW,10
2012,HOU,11,CHW,9
2012,CHC,12,CHW,3
2012,CHC,2,CHW,1
2012,CHC,0,CHW,7
2012,MIL,1,CHW,0
2012,MIL,6,CHW,8
2012,MIL,0,CHW,1
2012,TEX,2,CHW,19
2012,TEX,4,CHW,5
2012,TEX,1,CHW,2
2012,TOR,2,CHW,4
2012,TOR,0,CHW,2
2012,TOR,11,CHW,9
2012,MIN,4,CHW,7
2012,MIN,4,CHW,11
2012,MIN,2,CHW,8
2012,LAA,6,CHW,8
2012,LAA,6,CHW,5
2012,LAA,2,CHW,4
2012,KCR,2,CHW,4
2012,KCR,5,CHW,2
2012,KCR,2,CHW,1
2012,OAK,3,CHW,4
2012,OAK,9,CHW,7
2012,OAK,3,CHW,7
2012,NYY,6,CHW,9
2012,NYY,3,CHW,7
2012,NYY,1,CHW,2
2012,SEA,8,CHW,9
2012,SEA,4,CHW,5
2012,SEA,3,CHW,4
2012,MIN,2,CHW,4
2012,MIN,18,CHW,9
2012,MIN,2,CHW,6
2012,KCR,7,CHW,5
2012,KCR,4,CHW,5
2012,KCR,2,CHW,1
2012,DET,1,CHW,6
2012,DET,5,CHW,3
2012,DET,8,CHW,6
2012,DET,4,CHW,5
2012,CLE,4,CHW,5
2012,CLE,4,CHW,3
2012,CLE,6,CHW,4
2012,TBR,3,CHW,2
2012,TBR,1,CHW,3
2012,TBR,10,CHW,4
2012,TBR,6,CHW,2
2012,MIA,0,CIN,4
2012,MIA,8,CIN,3
2012,MIA,5,CIN,6
2012,STL,7,CIN,1
2012,STL,3,CIN,1
2012,STL,3,CIN,4
2012,SFG,2,CIN,9
2012,SFG,2,CIN,4
2012,SFG,6,CIN,5
2012,HOU,6,CIN,4
2012,HOU,0,CIN,6
2012,HOU,5,CIN,6
2012,CHC,3,CIN,1
2012,CHC,3,CIN,4
2012,WSN,7,CIN,3
2012,WSN,2,CIN,1
2012,WSN,6,CIN,9
2012,ATL,1,CIN,4
2012,ATL,3,CIN,4
2012,ATL,1,CIN,2
2012,ATL,3,CIN,6
2012,COL,6,CIN,3
2012,COL,3,CIN,10
2012,COL,5,CIN,7
2012,PIT,8,CIN,4
2012,PIT,4,CIN,5
2012,PIT,5,CIN,4
2012,DET,5,CIN,6
2012,DET,3,CIN,2
2012,DET,7,CIN,6
2012,CLE,1,CIN,7
2012,CLE,3,CIN,5
2012,CLE,5,CIN,12
2012,MIN,5,CIN,4
2012,MIN,0,CIN,6
2012,MIN,4,CIN,3
2012,MIL,1,CIN,3
2012,MIL,3,CIN,4
2012,MIL,8,CIN,4
2012,STL,3,CIN,5
2012,STL,2,CIN,3
2012,STL,2,CIN,4
2012,ARI,5,CIN,3
2012,ARI,0,CIN,4
2012,ARI,7,CIN,1
2012,ARI,6,CIN,7
2012,MIL,1,CIN,3
2012,MIL,2,CIN,6
2012,MIL,1,CIN,2
2012,SDP,11,CIN,5
2012,SDP,6,CIN,7
2012,SDP,4,CIN,6
2012,SDP,4,CIN,9
2012,PIT,0,CIN,3
2012,PIT,4,CIN,5
2012,PIT,6,CIN,2
2012,NYM,0,CIN,3
2012,NYM,1,CIN,6
2012,NYM,8,CIN,4
2012,CHC,3,CIN,7
2012,CHC,3,CIN,5
2012,CHC,9,CIN,7
2012,CHC,4,CIN,5
2012,STL,8,CIN,5
2012,STL,2,CIN,8
2012,STL,8,CIN,2
2012,PHI,4,CIN,2
2012,PHI,1,CIN,2
2012,PHI,6,CIN,2
2012,HOU,5,CIN,3
2012,HOU,1,CIN,5
2012,HOU,5,CIN,1
2012,PIT,3,CIN,4
2012,PIT,3,CIN,5
2012,PIT,1,CIN,2
2012,LAD,3,CIN,1
2012,LAD,0,CIN,6
2012,LAD,5,CIN,3
2012,MIL,2,CIN,4
2012,MIL,8,CIN,1
2012,MIL,1,CIN,2
2012,TOR,7,CLE,4
2012,TOR,7,CLE,4
2012,TOR,3,CLE,4
2012,CHW,4,CLE,2
2012,CHW,10,CLE,6
2012,KCR,3,CLE,4
2012,KCR,8,CLE,2
2012,KCR,4,CLE,2
2012,LAA,2,CLE,3
2012,LAA,2,CLE,1
2012,LAA,0,CLE,4
2012,TEX,3,CLE,6
2012,TEX,5,CLE,2
2012,TEX,2,CLE,4
2012,CHW,6,CLE,8
2012,CHW,2,CLE,3
2012,CHW,5,CLE,3
2012,CHW,8,CLE,1
2012,SEA,3,CLE,9
2012,SEA,5,CLE,6
2012,MIA,3,CLE,2
2012,MIA,0,CLE,2
2012,MIA,5,CLE,3
2012,DET,3,CLE,5
2012,DET,2,CLE,4
2012,DET,1,CLE,2
2012,KCR,5,CLE,8
2012,KCR,8,CLE,2
2012,KCR,6,CLE,3
2012,MIN,1,CLE,7
2012,MIN,7,CLE,4
2012,MIN,6,CLE,3
2012,PIT,0,CLE,2
2012,PIT,9,CLE,2
2012,PIT,9,CLE,5
2012,CIN,9,CLE,10
2012,CIN,2,CLE,3
2012,CIN,1,CLE,8
2012,LAA,3,CLE,0
2012,LAA,5,CLE,9
2012,LAA,3,CLE,12
2012,TBR,1,CLE,3
2012,TBR,10,CLE,3
2012,TBR,3,CLE,7
2012,TBR,7,CLE,6
2012,BAL,10,CLE,2
2012,BAL,3,CLE,1
2012,BAL,4,CLE,3
2012,BAL,1,CLE,3
2012,DET,2,CLE,3
2012,DET,5,CLE,3
2012,DET,3,CLE,5
2012,MIN,14,CLE,3
2012,MIN,7,CLE,5
2012,MIN,2,CLE,6
2012,BOS,3,CLE,5
2012,BOS,3,CLE,2
2012,BOS,2,CLE,5
2012,BOS,14,CLE,1
2012,NYY,3,CLE,1
2012,NYY,1,CLE,3
2012,NYY,4,CLE,2
2012,OAK,3,CLE,0
2012,OAK,7,CLE,0
2012,OAK,8,CLE,4
2012,OAK,12,CLE,7
2012,TEX,5,CLE,3
2012,TEX,3,CLE,4
2012,TEX,8,CLE,3
2012,DET,4,CLE,0
2012,DET,5,CLE,3
2012,DET,6,CLE,7
2012,MIN,6,CLE,5
2012,MIN,6,CLE,4
2012,MIN,3,CLE,4
2012,KCR,5,CLE,8
2012,KCR,7,CLE,6
2012,KCR,3,CLE,15
2012,CHW,11,CLE,0
2012,CHW,3,CLE,4
2012,CHW,9,CLE,0
2012,SFG,7,COL,0
2012,SFG,8,COL,17
2012,SFG,4,COL,2
2012,ARI,6,COL,7
2012,ARI,7,COL,8
2012,ARI,5,COL,2
2012,SDP,7,COL,1
2012,SDP,3,COL,5
2012,SDP,4,COL,8
2012,NYM,9,COL,18
2012,NYM,7,COL,5
2012,NYM,6,COL,5
2012,LAD,2,COL,6
2012,LAD,7,COL,6
2012,LAD,5,COL,8
2012,ATL,9,COL,8
2012,ATL,13,COL,9
2012,ATL,7,COL,2
2012,ARI,1,COL,6
2012,ARI,9,COL,7
2012,SEA,4,COL,0
2012,SEA,10,COL,3
2012,SEA,6,COL,4
2012,HOU,7,COL,9
2012,HOU,6,COL,7
2012,HOU,5,COL,13
2012,HOU,5,COL,11
2012,LAD,3,COL,13
2012,LAD,6,COL,2
2012,LAD,2,COL,3
2012,LAA,7,COL,2
2012,LAA,11,COL,5
2012,LAA,10,COL,8
2012,OAK,8,COL,5
2012,OAK,10,COL,8
2012,OAK,8,COL,2
2012,WSN,2,COL,4
2012,WSN,12,COL,5
2012,WSN,11,COL,5
2012,WSN,10,COL,11
2012,SDP,2,COL,10
2012,SDP,8,COL,4
2012,SDP,2,COL,0
2012,PHI,2,COL,6
2012,PHI,8,COL,5
2012,PHI,5,COL,1
2012,PIT,4,COL,5
2012,PIT,6,COL,2
2012,PIT,9,COL,6
2012,CIN,3,COL,0
2012,CIN,9,COL,7
2012,CIN,7,COL,2
2012,STL,11,COL,6
2012,STL,9,COL,6
2012,STL,2,COL,8
2012,SFG,16,COL,4
2012,SFG,11,COL,6
2012,SFG,8,COL,3
2012,MIL,6,COL,9
2012,MIL,6,COL,8
2012,MIL,6,COL,7
2012,MIA,3,COL,5
2012,MIA,6,COL,5
2012,MIA,6,COL,5
2012,MIA,2,COL,3
2012,LAD,0,COL,10
2012,LAD,4,COL,8
2012,LAD,10,COL,8
2012,SDP,5,COL,4
2012,SDP,1,COL,9
2012,SDP,10,COL,11
2012,SFG,5,COL,6
2012,SFG,9,COL,8
2012,SFG,8,COL,3
2012,ARI,15,COL,5
2012,ARI,8,COL,7
2012,ARI,10,COL,7
2012,ARI,2,COL,4
2012,CHC,5,COL,10
2012,CHC,0,COL,6
2012,CHC,5,COL,7
2012,BOS,2,DET,3
2012,BOS,0,DET,10
2012,BOS,12,DET,13
2012,TBR,2,DET,5
2012,TBR,4,DET,2
2012,TBR,2,DET,7
2012,TEX,10,DET,3
2012,TEX,10,DET,4
2012,TEX,2,DET,3
2012,TEX,3,DET,2
2012,SEA,7,DET,4
2012,SEA,9,DET,1
2012,SEA,5,DET,4
2012,KCR,3,DET,9
2012,KCR,3,DET,2
2012,CHW,4,DET,5
2012,CHW,3,DET,2
2012,CHW,1,DET,3
2012,MIN,11,DET,7
2012,MIN,4,DET,3
2012,PIT,0,DET,6
2012,PIT,4,DET,3
2012,PIT,3,DET,4
2012,NYY,9,DET,4
2012,NYY,3,DET,4
2012,NYY,5,DET,1
2012,CLE,4,DET,2
2012,CLE,9,DET,6
2012,CLE,5,DET,7
2012,COL,12,DET,4
2012,COL,1,DET,4
2012,COL,0,DET,5
2012,STL,3,DET,6
2012,STL,3,DET,1
2012,STL,1,DET,2
2012,MIN,6,DET,4
2012,MIN,8,DET,6
2012,MIN,1,DET,5
2012,MIN,3,DET,7
2012,KCR,2,DET,4
2012,KCR,7,DET,8
2012,KCR,1,DET,7
2012,LAA,6,DET,8
2012,LAA,13,DET,0
2012,LAA,2,DET,7
2012,LAA,1,DET,5
2012,CHW,2,DET,4
2012,CHW,1,DET,7
2012,CHW,4,DET,6
2012,CLE,2,DET,10
2012,CLE,1,DET,6
2012,CLE,8,DET,10
2012,NYY,2,DET,7
2012,NYY,5,DET,6
2012,NYY,12,DET,8
2012,NYY,4,DET,3
2012,BAL,3,DET,5
2012,BAL,3,DET,2
2012,BAL,7,DET,5
2012,TOR,3,DET,5
2012,TOR,2,DET,3
2012,TOR,2,DET,3
2012,LAA,2,DET,1
2012,LAA,3,DET,5
2012,LAA,2,DET,5
2012,CHW,4,DET,7
2012,CHW,1,DET,5
2012,CHW,2,DET,4
2012,CLE,3,DET,2
2012,CLE,3,DET,2
2012,CLE,1,DET,7
2012,OAK,2,DET,12
2012,OAK,2,DET,6
2012,OAK,12,DET,4
2012,MIN,0,DET,8
2012,MIN,10,DET,4
2012,MIN,2,DET,1
2012,KCR,2,DET,6
2012,KCR,0,DET,2
2012,KCR,4,DET,5
2012,KCR,4,DET,5
2012,COL,5,HOU,3
2012,COL,3,HOU,7
2012,COL,2,HOU,3
2012,ATL,3,HOU,8
2012,ATL,6,HOU,4
2012,ATL,6,HOU,3
2012,LAD,3,HOU,1
2012,LAD,5,HOU,1
2012,LAD,0,HOU,12
2012,NYM,3,HOU,4
2012,NYM,3,HOU,6
2012,NYM,1,HOU,8
2012,STL,4,HOU,5
2012,STL,2,HOU,8
2012,STL,8,HOU,1
2012,MIA,4,HOU,0
2012,MIA,2,HOU,3
2012,MIA,5,HOU,3
2012,MIL,3,HOU,8
2012,MIL,0,HOU,4
2012,TEX,4,HOU,1
2012,TEX,5,HOU,6
2012,TEX,6,HOU,1
2012,CHC,4,HOU,8
2012,CHC,1,HOU,2
2012,CHC,1,HOU,5
2012,CIN,4,HOU,1
2012,CIN,12,HOU,9
2012,CIN,3,HOU,5
2012,STL,8,HOU,9
2012,STL,4,HOU,3
2012,STL,14,HOU,2
2012,KCR,7,HOU,9
2012,KCR,2,HOU,0
2012,KCR,2,HOU,1
2012,CLE,2,HOU,0
2012,CLE,1,HOU,8
2012,CLE,1,HOU,7
2012,SDP,8,HOU,7
2012,SDP,3,HOU,5
2012,SDP,0,HOU,1
2012,SDP,7,HOU,3
2012,MIL,7,HOU,1
2012,MIL,3,HOU,6
2012,MIL,5,HOU,3
2012,CIN,8,HOU,3
2012,CIN,4,HOU,2
2012,CIN,5,HOU,3
2012,PIT,5,HOU,3
2012,PIT,6,HOU,5
2012,PIT,4,HOU,3
2012,PIT,5,HOU,9
2012,WSN,5,HOU,4
2012,WSN,3,HOU,2
2012,WSN,4,HOU,3
2012,WSN,5,HOU,0
2012,MIL,3,HOU,4
2012,MIL,5,HOU,6
2012,MIL,5,HOU,3
2012,ARI,3,HOU,1
2012,ARI,12,HOU,4
2012,ARI,8,HOU,1
2012,SFG,3,HOU,2
2012,SFG,6,HOU,4
2012,SFG,8,HOU,4
2012,CIN,9,HOU,3
2012,CIN,1,HOU,2
2012,CIN,5,HOU,3
2012,CHC,4,HOU,1
2012,CHC,0,HOU,1
2012,CHC,5,HOU,1
2012,PHI,4,HOU,6
2012,PHI,12,HOU,6
2012,PHI,0,HOU,5
2012,PHI,6,HOU,7
2012,PIT,1,HOU,7
2012,PIT,1,HOU,4
2012,PIT,8,HOU,1
2012,STL,6,HOU,1
2012,STL,4,HOU,0
2012,STL,0,HOU,2
2012,CLE,8,KCR,3
2012,CLE,11,KCR,9
2012,CLE,13,KCR,7
2012,DET,3,KCR,2
2012,DET,3,KCR,1
2012,DET,4,KCR,3
2012,TOR,4,KCR,3
2012,TOR,9,KCR,5
2012,TOR,5,KCR,3
2012,TOR,4,KCR,1
2012,NYY,3,KCR,4
2012,NYY,6,KCR,2
2012,NYY,1,KCR,5
2012,NYY,10,KCR,4
2012,BOS,11,KCR,5
2012,BOS,4,KCR,6
2012,BOS,3,KCR,4
2012,BAL,4,KCR,3
2012,BAL,5,KCR,3
2012,ARI,6,KCR,4
2012,ARI,3,KCR,7
2012,ARI,2,KCR,0
2012,OAK,0,KCR,2
2012,OAK,9,KCR,3
2012,OAK,0,KCR,2
2012,MIN,10,KCR,7
2012,MIN,0,KCR,1
2012,MIN,4,KCR,2
2012,MIL,1,KCR,2
2012,MIL,3,KCR,4
2012,MIL,3,KCR,4
2012,STL,11,KCR,4
2012,STL,8,KCR,2
2012,STL,11,KCR,8
2012,TBR,0,KCR,8
2012,TBR,2,KCR,8
2012,TBR,4,KCR,5
2012,CHW,9,KCR,8
2012,CHW,3,KCR,6
2012,CHW,2,KCR,1
2012,SEA,9,KCR,4
2012,SEA,9,KCR,6
2012,SEA,7,KCR,8
2012,SEA,6,KCR,1
2012,MIN,2,KCR,1
2012,MIN,3,KCR,7
2012,MIN,7,KCR,5
2012,CLE,3,KCR,8
2012,CLE,2,KCR,5
2012,CLE,6,KCR,7
2012,TEX,5,KCR,3
2012,TEX,4,KCR,2
2012,TEX,6,KCR,7
2012,OAK,0,KCR,5
2012,OAK,2,KCR,3
2012,OAK,3,KCR,0
2012,CHW,2,KCR,4
2012,CHW,4,KCR,9
2012,CHW,2,KCR,5
2012,DET,8,KCR,9
2012,DET,0,KCR,1
2012,DET,1,KCR,2
2012,MIN,3,KCR,1
2012,MIN,8,KCR,7
2012,MIN,4,KCR,6
2012,TEX,8,KCR,4
2012,TEX,3,KCR,6
2012,TEX,7,KCR,6
2012,TEX,5,KCR,4
2012,LAA,9,KCR,7
2012,LAA,2,KCR,3
2012,LAA,4,KCR,3
2012,CHW,3,KCR,2
2012,CHW,0,KCR,3
2012,CHW,3,KCR,4
2012,CLE,3,KCR,6
2012,CLE,3,KCR,5
2012,CLE,15,KCR,4
2012,DET,6,KCR,3
2012,DET,2,KCR,4
2012,DET,1,KCR,0
2012,KCR,0,LAA,5
2012,KCR,6,LAA,3
2012,KCR,7,LAA,3
2012,OAK,0,LAA,6
2012,OAK,5,LAA,3
2012,OAK,6,LAA,0
2012,OAK,4,LAA,2
2012,BAL,3,LAA,6
2012,BAL,3,LAA,6
2012,BAL,3,LAA,2
2012,MIN,3,LAA,4
2012,MIN,0,LAA,4
2012,MIN,0,LAA,9
2012,TOR,5,LAA,0
2012,TOR,4,LAA,0
2012,TOR,2,LAA,6
2012,TOR,3,LAA,4
2012,OAK,5,LAA,0
2012,OAK,0,LAA,4
2012,CHW,2,LAA,7
2012,CHW,6,LAA,1
2012,NYY,8,LAA,9
2012,NYY,1,LAA,5
2012,NYY,6,LAA,5
2012,TEX,2,LAA,4
2012,TEX,2,LAA,3
2012,TEX,7,LAA,3
2012,SEA,8,LAA,6
2012,SEA,1,LAA,6
2012,SEA,8,LAA,6
2012,ARI,5,LAA,0
2012,ARI,0,LAA,2
2012,ARI,0,LAA,2
2012,SFG,5,LAA,3
2012,SFG,5,LAA,12
2012,SFG,0,LAA,6
2012,LAD,5,LAA,8
2012,LAD,3,LAA,1
2012,LAD,3,LAA,5
2012,BAL,7,LAA,9
2012,BAL,3,LAA,2
2012,BAL,0,LAA,3
2012,BAL,0,LAA,6
2012,TEX,1,LAA,6
2012,TEX,9,LAA,2
2012,TEX,4,LAA,7
2012,KCR,3,LAA,6
2012,KCR,4,LAA,1
2012,KCR,6,LAA,11
2012,TBR,1,LAA,3
2012,TBR,3,LAA,0
2012,TBR,2,LAA,0
2012,SEA,5,LAA,6
2012,SEA,7,LAA,4
2012,SEA,4,LAA,1
2012,CLE,6,LAA,2
2012,CLE,6,LAA,9
2012,CLE,4,LAA,8
2012,TBR,7,LAA,0
2012,TBR,12,LAA,3
2012,TBR,10,LAA,8
2012,TBR,8,LAA,3
2012,BOS,5,LAA,6
2012,BOS,3,LAA,10
2012,BOS,2,LAA,5
2012,DET,2,LAA,3
2012,DET,1,LAA,6
2012,DET,2,LAA,3
2012,OAK,3,LAA,1
2012,OAK,6,LAA,5
2012,OAK,4,LAA,1
2012,OAK,0,LAA,6
2012,TEX,3,LAA,11
2012,TEX,6,LAA,2
2012,TEX,3,LAA,1
2012,CHW,2,LAA,6
2012,CHW,2,LAA,4
2012,CHW,1,LAA,4
2012,SEA,4,LAA,5
2012,SEA,3,LAA,4
2012,SEA,9,LAA,4
2012,PIT,1,LAD,2
2012,PIT,1,LAD,4
2012,PIT,2,LAD,3
2012,SDP,8,LAD,9
2012,SDP,1,LAD,6
2012,SDP,4,LAD,5
2012,ATL,2,LAD,7
2012,ATL,4,LAD,3
2012,ATL,4,LAD,2
2012,WSN,2,LAD,3
2012,WSN,3,LAD,4
2012,WSN,0,LAD,2
2012,SFG,1,LAD,9
2012,SFG,2,LAD,1
2012,SFG,2,LAD,6
2012,COL,3,LAD,7
2012,COL,1,LAD,2
2012,COL,5,LAD,11
2012,ARI,1,LAD,3
2012,ARI,5,LAD,1
2012,STL,5,LAD,6
2012,STL,0,LAD,6
2012,STL,5,LAD,6
2012,HOU,3,LAD,1
2012,HOU,3,LAD,6
2012,HOU,1,LAD,5
2012,MIL,3,LAD,2
2012,MIL,2,LAD,1
2012,MIL,6,LAD,3
2012,MIL,6,LAD,2
2012,LAA,3,LAD,2
2012,LAA,2,LAD,5
2012,LAA,2,LAD,1
2012,CHW,6,LAD,7
2012,CHW,5,LAD,4
2012,CHW,1,LAD,2
2012,NYM,3,LAD,2
2012,NYM,9,LAD,0
2012,NYM,5,LAD,0
2012,NYM,3,LAD,8
2012,CIN,8,LAD,2
2012,CIN,1,LAD,3
2012,CIN,1,LAD,4
2012,SDP,1,LAD,2
2012,SDP,7,LAD,6
2012,SDP,7,LAD,2
2012,PHI,3,LAD,2
2012,PHI,3,LAD,2
2012,PHI,3,LAD,5
2012,ARI,7,LAD,2
2012,ARI,8,LAD,2
2012,ARI,4,LAD,0
2012,CHC,1,LAD,6
2012,CHC,1,LAD,3
2012,CHC,6,LAD,7
2012,COL,2,LAD,0
2012,COL,3,LAD,1
2012,COL,4,LAD,6
2012,SFG,2,LAD,1
2012,SFG,4,LAD,1
2012,SFG,8,LAD,4
2012,MIA,4,LAD,11
2012,MIA,2,LAD,8
2012,MIA,6,LAD,2
2012,ARI,2,LAD,0
2012,ARI,4,LAD,3
2012,ARI,1,LAD,2
2012,ARI,4,LAD,5
2012,SDP,3,LAD,4
2012,SDP,6,LAD,3
2012,SDP,4,LAD,3
2012,STL,2,LAD,1
2012,STL,5,LAD,8
2012,STL,3,LAD,4
2012,STL,5,LAD,2
2012,COL,0,LAD,8
2012,COL,0,LAD,3
2012,COL,1,LAD,7
2012,SFG,2,LAD,3
2012,SFG,4,LAD,3
2012,SFG,1,LAD,5
2012,STL,4,MIA,1
2012,HOU,4,MIA,5
2012,HOU,5,MIA,4
2012,HOU,4,MIA,5
2012,CHC,2,MIA,5
2012,CHC,1,MIA,9
2012,CHC,3,MIA,5
2012,ARI,5,MIA,0
2012,ARI,2,MIA,3
2012,ARI,8,MIA,4
2012,ARI,9,MIA,5
2012,NYM,5,MIA,6
2012,NYM,9,MIA,3
2012,NYM,4,MIA,8
2012,PIT,3,MIA,2
2012,PIT,2,MIA,6
2012,COL,4,MIA,7
2012,COL,6,MIA,7
2012,COL,8,MIA,4
2012,SFG,14,MIA,7
2012,SFG,6,MIA,7
2012,SFG,3,MIA,5
2012,SFG,3,MIA,2
2012,WSN,3,MIA,5
2012,WSN,1,MIA,3
2012,WSN,3,MIA,5
2012,ATL,11,MIA,0
2012,ATL,2,MIA,1
2012,ATL,8,MIA,2
2012,TBR,5,MIA,1
2012,TBR,13,MIA,4
2012,TBR,4,MIA,2
2012,BOS,1,MIA,4
2012,BOS,2,MIA,1
2012,BOS,10,MIA,2
2012,TOR,12,MIA,5
2012,TOR,7,MIA,1
2012,TOR,0,MIA,9
2012,STL,8,MIA,7
2012,STL,5,MIA,2
2012,STL,3,MIA,5
2012,PHI,2,MIA,6
2012,PHI,2,MIA,3
2012,PHI,2,MIA,5
2012,WSN,5,MIA,1
2012,WSN,1,MIA,2
2012,WSN,4,MIA,0
2012,WSN,3,MIA,5
2012,ATL,1,MIA,2
2012,ATL,4,MIA,3
2012,ATL,7,MIA,1
2012,SDP,7,MIA,2
2012,SDP,2,MIA,4
2012,SDP,4,MIA,5
2012,LAD,5,MIA,2
2012,LAD,3,MIA,7
2012,LAD,5,MIA,0
2012,PHI,4,MIA,0
2012,PHI,1,MIA,0
2012,PHI,2,MIA,9
2012,WSN,0,MIA,9
2012,WSN,8,MIA,4
2012,NYM,3,MIA,0
2012,NYM,5,MIA,3
2012,NYM,5,MIA,1
2012,MIL,3,MIA,7
2012,MIL,8,MIA,4
2012,MIL,8,MIA,5
2012,MIL,2,MIA,6
2012,CIN,0,MIA,4
2012,CIN,4,MIA,6
2012,CIN,5,MIA,4
2012,ATL,7,MIA,5
2012,ATL,3,MIA,4
2012,ATL,3,MIA,0
2012,PHI,1,MIA,2
2012,PHI,9,MIA,5
2012,PHI,4,MIA,1
2012,NYM,2,MIA,3
2012,NYM,3,MIA,4
2012,NYM,4,MIA,2
2012,STL,11,MIL,5
2012,STL,0,MIL,6
2012,STL,9,MIL,3
2012,LAD,4,MIL,5
2012,LAD,2,MIL,3
2012,LAD,4,MIL,3
2012,COL,4,MIL,3
2012,COL,4,MIL,9
2012,COL,4,MIL,1
2012,HOU,5,MIL,6
2012,HOU,6,MIL,9
2012,HOU,7,MIL,5
2012,CIN,6,MIL,1
2012,CIN,3,MIL,8
2012,CIN,2,MIL,1
2012,CHC,7,MIL,8
2012,CHC,2,MIL,8
2012,CHC,8,MIL,2
2012,MIN,11,MIL,3
2012,MIN,5,MIL,4
2012,MIN,4,MIL,16
2012,SFG,4,MIL,3
2012,SFG,6,MIL,4
2012,SFG,5,MIL,8
2012,PIT,8,MIL,2
2012,PIT,1,MIL,5
2012,PIT,6,MIL,5
2012,CHC,10,MIL,0
2012,CHC,0,MIL,8
2012,CHC,3,MIL,4
2012,SDP,5,MIL,9
2012,SDP,5,MIL,2
2012,SDP,5,MIL,6
2012,TOR,6,MIL,7
2012,TOR,10,MIL,9
2012,TOR,3,MIL,8
2012,ARI,9,MIL,3
2012,ARI,2,MIL,10
2012,ARI,1,MIL,2
2012,MIA,5,MIL,6
2012,MIA,12,MIL,13
2012,MIA,7,MIL,6
2012,MIA,4,MIL,0
2012,PIT,7,MIL,10
2012,PIT,6,MIL,4
2012,PIT,1,MIL,4
2012,STL,3,MIL,2
2012,STL,2,MIL,3
2012,STL,3,MIL,4
2012,WSN,8,MIL,2
2012,WSN,0,MIL,6
2012,WSN,4,MIL,1
2012,WSN,11,MIL,10
2012,HOU,7,MIL,8
2012,HOU,1,MIL,10
2012,HOU,4,MIL,13
2012,CIN,3,MIL,6
2012,CIN,1,MIL,3
2012,CIN,2,MIL,3
2012,PHI,4,MIL,7
2012,PHI,2,MIL,6
2012,PHI,4,MIL,3
2012,PHI,8,MIL,0
2012,CHC,5,MIL,9
2012,CHC,2,MIL,5
2012,CHC,2,MIL,3
2012,PIT,3,MIL,9
2012,PIT,2,MIL,3
2012,PIT,8,MIL,12
2012,ATL,1,MIL,4
2012,ATL,0,MIL,5
2012,ATL,2,MIL,8
2012,NYM,7,MIL,3
2012,NYM,6,MIL,9
2012,NYM,0,MIL,3
2012,HOU,7,MIL,6
2012,HOU,5,MIL,9
2012,HOU,7,MIL,0
2012,SDP,3,MIL,5
2012,SDP,3,MIL,4
2012,SDP,7,MIL,6
2012,LAA,5,MIN,1
2012,LAA,5,MIN,6
2012,LAA,9,MIN,10
2012,TEX,4,MIN,1
2012,TEX,6,MIN,2
2012,TEX,4,MIN,3
2012,BOS,6,MIN,5
2012,BOS,11,MIN,2
2012,BOS,7,MIN,6
2012,KCR,7,MIN,6
2012,KCR,4,MIN,7
2012,LAA,8,MIN,3
2012,LAA,0,MIN,5
2012,LAA,6,MIN,2
2012,TOR,6,MIN,2
2012,TOR,6,MIN,7
2012,TOR,2,MIN,1
2012,TOR,3,MIN,4
2012,CLE,5,MIN,4
2012,CLE,5,MIN,0
2012,DET,10,MIN,6
2012,DET,6,MIN,3
2012,DET,4,MIN,3
2012,OAK,4,MIN,5
2012,OAK,2,MIN,3
2012,OAK,0,MIN,4
2012,CHC,7,MIN,8
2012,CHC,3,MIN,11
2012,CHC,8,MIN,2
2012,PHI,7,MIN,11
2012,PHI,9,MIN,8
2012,PHI,6,MIN,1
2012,MIL,5,MIN,3
2012,MIL,6,MIN,2
2012,MIL,4,MIN,5
2012,CHW,1,MIN,4
2012,CHW,3,MIN,2
2012,CHW,12,MIN,5
2012,KCR,4,MIN,3
2012,KCR,2,MIN,7
2012,KCR,1,MIN,5
2012,KCR,8,MIN,10
2012,OAK,6,MIN,3
2012,OAK,9,MIN,3
2012,OAK,9,MIN,4
2012,BAL,7,MIN,19
2012,BAL,4,MIN,6
2012,BAL,2,MIN,1
2012,BAL,4,MIN,3
2012,CLE,0,MIN,11
2012,CLE,5,MIN,12
2012,CLE,1,MIN,5
2012,CHW,6,MIN,7
2012,CHW,4,MIN,3
2012,CHW,3,MIN,2
2012,TBR,12,MIN,6
2012,TBR,4,MIN,2
2012,TBR,7,MIN,3
2012,DET,3,MIN,9
2012,DET,8,MIN,4
2012,DET,5,MIN,1
2012,SEA,1,MIN,0
2012,SEA,5,MIN,2
2012,SEA,0,MIN,10
2012,SEA,5,MIN,4
2012,CLE,7,MIN,6
2012,CLE,0,MIN,3
2012,CLE,7,MIN,8
2012,CLE,2,MIN,7
2012,KCR,9,MIN,1
2012,KCR,10,MIN,5
2012,KCR,3,MIN,4
2012,CHW,6,MIN,0
2012,CHW,5,MIN,3
2012,CHW,9,MIN,2
2012,NYY,6,MIN,3
2012,NYY,4,MIN,5
2012,NYY,8,MIN,2
2012,DET,2,MIN,4
2012,DET,6,MIN,4
2012,DET,2,MIN,1
2012,CIN,2,WSN,3
2012,CIN,1,WSN,2
2012,CIN,1,WSN,4
2012,CIN,8,WSN,5
2012,HOU,3,WSN,6
2012,HOU,0,WSN,1
2012,HOU,2,WSN,3
2012,HOU,11,WSN,4
2012,MIA,0,WSN,2
2012,MIA,2,WSN,3
2012,ARI,5,WSN,1
2012,ARI,4,WSN,5
2012,ARI,1,WSN,2
2012,PHI,3,WSN,4
2012,PHI,1,WSN,7
2012,PHI,9,WSN,3
2012,SDP,5,WSN,8
2012,SDP,6,WSN,1
2012,PIT,4,WSN,7
2012,PIT,5,WSN,3
2012,BAL,2,WSN,1
2012,BAL,6,WSN,5
2012,BAL,3,WSN,9
2012,ATL,0,WSN,2
2012,ATL,3,WSN,2
2012,NYM,6,WSN,7
2012,NYM,3,WSN,5
2012,NYM,3,WSN,1
2012,NYY,7,WSN,2
2012,NYY,5,WSN,3
2012,NYY,4,WSN,1
2012,TBR,5,WSN,4
2012,TBR,2,WSN,3
2012,TBR,2,WSN,5
2012,SFG,3,WSN,9
2012,SFG,4,WSN,9
2012,SFG,5,WSN,6
2012,COL,5,WSN,1
2012,COL,1,WSN,4
2012,COL,4,WSN,3
2012,NYM,4,WSN,5
2012,NYM,3,WSN,4
2012,NYM,9,WSN,5
2012,ATL,11,WSN,10
2012,ATL,4,WSN,0
2012,ATL,2,WSN,5
2012,ATL,2,WSN,9
2012,PHI,8,WSN,0
2012,PHI,3,WSN,2
2012,PHI,0,WSN,3
2012,MIA,4,WSN,7
2012,MIA,5,WSN,2
2012,MIA,7,WSN,10
2012,MIA,1,WSN,4
2012,NYM,4,WSN,6
2012,NYM,2,WSN,0
2012,NYM,2,WSN,5
2012,ATL,4,WSN,5
2012,ATL,1,WSN,4
2012,ATL,5,WSN,1
2012,STL,1,WSN,8
2012,STL,0,WSN,10
2012,STL,10,WSN,9
2012,STL,3,WSN,4
2012,CHC,1,WSN,2
2012,CHC,5,WSN,11
2012,CHC,1,WSN,9
2012,CHC,2,WSN,9
2012,MIA,9,WSN,7
2012,MIA,6,WSN,7
2012,MIA,8,WSN,0
2012,LAD,1,WSN,3
2012,LAD,7,WSN,6
2012,LAD,1,WSN,4
2012,MIL,4,WSN,2
2012,MIL,4,WSN,10
2012,MIL,6,WSN,2
2012,MIL,2,WSN,12
2012,PHI,2,WSN,0
2012,PHI,2,WSN,4
2012,PHI,1,WSN,5
2012,ATL,0,NYM,1
2012,ATL,2,NYM,4
2012,ATL,5,NYM,7
2012,WSN,3,NYM,4
2012,WSN,6,NYM,2
2012,WSN,4,NYM,0
2012,SFG,4,NYM,3
2012,SFG,4,NYM,5
2012,SFG,6,NYM,1
2012,SFG,7,NYM,2
2012,MIA,1,NYM,2
2012,MIA,1,NYM,5
2012,MIA,2,NYM,3
2012,ARI,5,NYM,4
2012,ARI,3,NYM,4
2012,ARI,1,NYM,3
2012,MIL,1,NYM,3
2012,MIL,8,NYM,0
2012,CIN,6,NYM,3
2012,CIN,4,NYM,9
2012,SDP,11,NYM,5
2012,SDP,1,NYM,6
2012,SDP,0,NYM,9
2012,SDP,0,NYM,2
2012,PHI,8,NYM,4
2012,PHI,3,NYM,6
2012,PHI,10,NYM,6
2012,STL,0,NYM,8
2012,STL,0,NYM,5
2012,STL,1,NYM,6
2012,STL,5,NYM,4
2012,CIN,7,NYM,3
2012,CIN,4,NYM,1
2012,CIN,3,NYM,1
2012,BAL,0,NYM,5
2012,BAL,0,NYM,5
2012,BAL,3,NYM,4
2012,NYY,4,NYM,6
2012,NYY,4,NYM,3
2012,NYY,6,NYM,5
2012,PHI,1,NYM,11
2012,PHI,9,NYM,2
2012,PHI,5,NYM,6
2012,CHC,8,NYM,7
2012,CHC,1,NYM,3
2012,CHC,7,NYM,0
2012,LAD,7,NYM,6
2012,LAD,8,NYM,5
2012,LAD,8,NYM,3
2012,WSN,8,NYM,2
2012,WSN,5,NYM,2
2012,WSN,5,NYM,2
2012,MIA,4,NYM,2
2012,MIA,13,NYM,0
2012,MIA,1,NYM,6
2012,ATL,4,NYM,0
2012,ATL,9,NYM,3
2012,ATL,5,NYM,6
2012,COL,3,NYM,1
2012,COL,6,NYM,2
2012,COL,5,NYM,2
2012,COL,1,NYM,0
2012,HOU,3,NYM,1
2012,HOU,1,NYM,3
2012,HOU,1,NYM,2
2012,ATL,3,NYM,0
2012,ATL,11,NYM,3
2012,ATL,3,NYM,2
2012,WSN,5,NYM,1
2012,WSN,5,NYM,3
2012,WSN,2,NYM,0
2012,PHI,3,NYM,1
2012,PHI,3,NYM,2
2012,PHI,16,NYM,1
2012,MIA,3,NYM,7
2012,MIA,3,NYM,4
2012,MIA,2,NYM,3
2012,PIT,2,NYM,6
2012,PIT,10,NYM,6
2012,PIT,0,NYM,6
2012,PIT,5,NYM,6
2012,LAA,0,NYY,5
2012,LAA,7,NYY,1
2012,LAA,5,NYY,11
2012,MIN,7,NYY,3
2012,MIN,3,NYY,8
2012,MIN,6,NYY,5
2012,MIN,6,NYY,7
2012,DET,6,NYY,7
2012,DET,7,NYY,5
2012,DET,2,NYY,6
2012,BAL,1,NYY,2
2012,BAL,7,NYY,1
2012,BAL,5,NYY,0
2012,TBR,3,NYY,5
2012,TBR,4,NYY,1
2012,TBR,3,NYY,5
2012,SEA,2,NYY,6
2012,SEA,2,NYY,6
2012,SEA,6,NYY,2
2012,CIN,0,NYY,4
2012,CIN,6,NYY,5
2012,CIN,5,NYY,2
2012,KCR,6,NYY,0
2012,KCR,2,NYY,3
2012,KCR,3,NYY,8
2012,TBR,0,NYY,7
2012,TBR,1,NYY,4
2012,TBR,7,NYY,3
2012,NYM,1,NYY,9
2012,NYM,2,NYY,4
2012,NYM,4,NYY,5
2012,ATL,2,NYY,6
2012,ATL,4,NYY,3
2012,ATL,10,NYY,5
2012,CLE,1,NYY,7
2012,CLE,4,NYY,6
2012,CLE,4,NYY,5
2012,CHW,4,NYY,3
2012,CHW,14,NYY,7
2012,CHW,0,NYY,4
2012,CHW,2,NYY,4
2012,LAA,5,NYY,6
2012,LAA,3,NYY,5
2012,LAA,10,NYY,8
2012,TOR,3,NYY,6
2012,TOR,1,NYY,6
2012,TOR,0,NYY,6
2012,BOS,3,NYY,10
2012,BOS,8,NYY,6
2012,BOS,3,NYY,2
2012,BAL,5,NYY,4
2012,BAL,11,NYY,5
2012,BAL,3,NYY,12
2012,SEA,3,NYY,6
2012,SEA,1,NYY,0
2012,SEA,2,NYY,6
2012,TEX,2,NYY,8
2012,TEX,0,NYY,3
2012,TEX,2,NYY,3
2012,TEX,10,NYY,6
2012,BOS,4,NYY,6
2012,BOS,4,NYY,1
2012,BOS,1,NYY,4
2012,TOR,8,NYY,7
2012,TOR,1,NYY,2
2012,TOR,8,NYY,5
2012,BAL,6,NYY,1
2012,BAL,3,NYY,4
2012,BAL,8,NYY,3
2012,TBR,6,NYY,4
2012,TBR,3,NYY,5
2012,TBR,4,NYY,6
2012,TOR,2,NYY,4
2012,TOR,1,NYY,2
2012,TOR,7,NYY,10
2012,OAK,1,NYY,2
2012,OAK,9,NYY,10
2012,OAK,5,NYY,4
2012,BOS,2,NYY,10
2012,BOS,3,NYY,4
2012,BOS,2,NYY,14
2012,SEA,3,OAK,1
2012,SEA,1,OAK,4
2012,SEA,7,OAK,3
2012,SEA,8,OAK,7
2012,KCR,0,OAK,1
2012,KCR,3,OAK,0
2012,KCR,4,OAK,5
2012,CLE,4,OAK,3
2012,CLE,5,OAK,1
2012,CLE,1,OAK,5
2012,CHW,4,OAK,0
2012,CHW,0,OAK,2
2012,CHW,4,OAK,5
2012,TOR,3,OAK,7
2012,TOR,5,OAK,2
2012,DET,10,OAK,6
2012,DET,4,OAK,11
2012,DET,1,OAK,3
2012,DET,3,OAK,1
2012,LAA,1,OAK,2
2012,LAA,5,OAK,0
2012,LAA,3,OAK,1
2012,NYY,6,OAK,3
2012,NYY,9,OAK,2
2012,NYY,2,OAK,0
2012,TEX,1,OAK,12
2012,TEX,6,OAK,3
2012,TEX,0,OAK,2
2012,TEX,1,OAK,7
2012,SDP,2,OAK,10
2012,SDP,4,OAK,6
2012,SDP,2,OAK,1
2012,LAD,0,OAK,3
2012,LAD,1,OAK,4
2012,LAD,1,OAK,4
2012,SFG,5,OAK,4
2012,SFG,9,OAK,8
2012,SFG,2,OAK,4
2012,BOS,1,OAK,6
2012,BOS,2,OAK,3
2012,BOS,2,OAK,3
2012,SEA,1,OAK,4
2012,SEA,7,OAK,1
2012,SEA,1,OAK,2
2012,TEX,6,OAK,1
2012,TEX,3,OAK,4
2012,NYY,3,OAK,4
2012,NYY,2,OAK,3
2012,NYY,1,OAK,2
2012,NYY,4,OAK,5
2012,TBR,3,OAK,4
2012,TBR,8,OAK,0
2012,TBR,4,OAK,1
2012,TOR,1,OAK,4
2012,TOR,4,OAK,5
2012,TOR,3,OAK,1
2012,TOR,6,OAK,5
2012,LAA,4,OAK,0
2012,LAA,4,OAK,10
2012,LAA,8,OAK,9
2012,CLE,4,OAK,6
2012,CLE,5,OAK,8
2012,CLE,0,OAK,7
2012,MIN,7,OAK,2
2012,MIN,1,OAK,4
2012,MIN,1,OAK,5
2012,BOS,2,OAK,20
2012,BOS,1,OAK,7
2012,BOS,2,OAK,6
2012,LAA,8,OAK,3
2012,LAA,6,OAK,1
2012,LAA,7,OAK,1
2012,BAL,2,OAK,3
2012,BAL,2,OAK,5
2012,BAL,9,OAK,5
2012,SEA,2,OAK,8
2012,SEA,4,OAK,7
2012,SEA,2,OAK,5
2012,TEX,3,OAK,4
2012,TEX,1,OAK,3
2012,TEX,5,OAK,12
2012,MIA,6,PHI,2
2012,MIA,1,PHI,7
2012,MIA,1,PHI,3
2012,NYM,5,PHI,2
2012,NYM,5,PHI,0
2012,NYM,2,PHI,8
2012,CHC,5,PHI,1
2012,CHC,2,PHI,5
2012,CHC,5,PHI,1
2012,CHC,4,PHI,6
2012,NYM,5,PHI,2
2012,NYM,7,PHI,4
2012,NYM,10,PHI,6
2012,SDP,3,PHI,7
2012,SDP,2,PHI,1
2012,SDP,2,PHI,3
2012,HOU,1,PHI,5
2012,HOU,3,PHI,4
2012,BOS,4,PHI,6
2012,BOS,7,PHI,5
2012,BOS,5,PHI,1
2012,WSN,2,PHI,1
2012,WSN,5,PHI,2
2012,WSN,1,PHI,4
2012,MIA,4,PHI,6
2012,MIA,5,PHI,4
2012,MIA,5,PHI,1
2012,LAD,4,PHI,3
2012,LAD,2,PHI,1
2012,LAD,6,PHI,5
2012,LAD,8,PHI,3
2012,COL,2,PHI,7
2012,COL,6,PHI,7
2012,COL,4,PHI,1
2012,TBR,6,PHI,7
2012,TBR,3,PHI,2
2012,TBR,7,PHI,3
2012,PIT,3,PHI,8
2012,PIT,4,PHI,5
2012,PIT,11,PHI,7
2012,PIT,5,PHI,4
2012,ATL,5,PHI,0
2012,ATL,6,PHI,3
2012,ATL,4,PHI,3
2012,SFG,7,PHI,2
2012,SFG,6,PHI,5
2012,SFG,3,PHI,4
2012,MIL,6,PHI,7
2012,MIL,6,PHI,7
2012,MIL,6,PHI,7
2012,ARI,4,PHI,2
2012,ARI,0,PHI,3
2012,ARI,4,PHI,5
2012,ATL,6,PHI,1
2012,ATL,0,PHI,3
2012,ATL,12,PHI,6
2012,STL,1,PHI,3
2012,STL,4,PHI,1
2012,STL,7,PHI,8
2012,CIN,5,PHI,12
2012,CIN,5,PHI,4
2012,CIN,3,PHI,2
2012,CIN,3,PHI,4
2012,WSN,2,PHI,4
2012,WSN,2,PHI,4
2012,WSN,1,PHI,4
2012,NYM,9,PHI,5
2012,NYM,3,PHI,2
2012,NYM,2,PHI,3
2012,COL,2,PHI,3
2012,COL,2,PHI,3
2012,COL,4,PHI,7
2012,MIA,1,PHI,3
2012,MIA,7,PHI,9
2012,MIA,1,PHI,3
2012,ATL,2,PHI,6
2012,ATL,8,PHI,2
2012,ATL,2,PHI,1
2012,WSN,3,PHI,6
2012,WSN,8,PHI,4
2012,WSN,7,PHI,3
2012,PHI,1,PIT,0
2012,PHI,1,PIT,2
2012,PHI,4,PIT,5
2012,STL,4,PIT,1
2012,STL,0,PIT,2
2012,STL,5,PIT,1
2012,COL,4,PIT,5
2012,COL,2,PIT,1
2012,COL,1,PIT,5
2012,CIN,6,PIT,1
2012,CIN,2,PIT,3
2012,CIN,5,PIT,0
2012,WSN,4,PIT,5
2012,WSN,2,PIT,4
2012,WSN,4,PIT,2
2012,HOU,1,PIT,0
2012,HOU,2,PIT,5
2012,HOU,2,PIT,3
2012,NYM,4,PIT,5
2012,NYM,3,PIT,2
2012,NYM,3,PIT,1
2012,CHC,0,PIT,1
2012,CHC,2,PIT,3
2012,CHC,4,PIT,10
2012,CIN,1,PIT,4
2012,CIN,8,PIT,1
2012,CIN,1,PIT,2
2012,KCR,2,PIT,4
2012,KCR,3,PIT,5
2012,KCR,2,PIT,3
2012,MIN,2,PIT,7
2012,MIN,2,PIT,1
2012,MIN,1,PIT,9
2012,DET,1,PIT,4
2012,DET,1,PIT,4
2012,DET,3,PIT,2
2012,HOU,2,PIT,11
2012,HOU,7,PIT,8
2012,HOU,4,PIT,6
2012,HOU,0,PIT,2
2012,SFG,6,PIT,5
2012,SFG,1,PIT,3
2012,SFG,2,PIT,13
2012,MIA,3,PIT,4
2012,MIA,1,PIT,5
2012,MIA,0,PIT,3
2012,CHC,2,PIT,0
2012,CHC,5,PIT,1
2012,CHC,2,PIT,3
2012,ARI,0,PIT,4
2012,ARI,10,PIT,4
2012,ARI,6,PIT,7
2012,ARI,6,PIT,3
2012,SDP,9,PIT,8
2012,SDP,5,PIT,0
2012,SDP,5,PIT,11
2012,LAD,5,PIT,4
2012,LAD,11,PIT,0
2012,LAD,9,PIT,3
2012,LAD,6,PIT,10
2012,MIL,6,PIT,5
2012,MIL,0,PIT,4
2012,MIL,7,PIT,0
2012,STL,4,PIT,3
2012,STL,0,PIT,9
2012,STL,0,PIT,5
2012,HOU,5,PIT,1
2012,HOU,2,PIT,6
2012,HOU,3,PIT,6
2012,CHC,12,PIT,2
2012,CHC,4,PIT,3
2012,CHC,4,PIT,2
2012,MIL,6,PIT,0
2012,MIL,3,PIT,1
2012,MIL,9,PIT,7
2012,CIN,1,PIT,0
2012,CIN,1,PIT,2
2012,CIN,4,PIT,3
2012,ATL,1,PIT,2
2012,ATL,1,PIT,5
2012,ATL,4,PIT,0
2012,LAD,5,SDP,3
2012,LAD,6,SDP,0
2012,LAD,6,SDP,5
2012,LAD,4,SDP,8
2012,ARI,4,SDP,2
2012,ARI,1,SDP,2
2012,ARI,3,SDP,1
2012,PHI,2,SDP,0
2012,PHI,4,SDP,1
2012,PHI,1,SDP,5
2012,PHI,1,SDP,6
2012,WSN,3,SDP,1
2012,WSN,7,SDP,2
2012,WSN,1,SDP,2
2012,MIL,8,SDP,3
2012,MIL,0,SDP,2
2012,MIL,0,SDP,5
2012,MIA,9,SDP,8
2012,MIA,4,SDP,1
2012,MIA,6,SDP,3
2012,COL,2,SDP,3
2012,COL,1,SDP,3
2012,COL,6,SDP,2
2012,LAD,2,SDP,4
2012,LAD,8,SDP,1
2012,LAA,7,SDP,2
2012,LAA,2,SDP,3
2012,LAA,2,SDP,3
2012,ARI,1,SDP,7
2012,ARI,4,SDP,2
2012,ARI,6,SDP,0
2012,SFG,5,SDP,6
2012,SFG,6,SDP,5
2012,SFG,8,SDP,3
2012,TEX,2,SDP,1
2012,TEX,7,SDP,3
2012,TEX,4,SDP,2
2012,SEA,5,SDP,9
2012,SEA,5,SDP,1
2012,SEA,0,SDP,2
2012,CIN,1,SDP,2
2012,CIN,6,SDP,0
2012,CIN,6,SDP,5
2012,CIN,4,SDP,2
2012,HOU,2,SDP,0
2012,HOU,2,SDP,8
2012,HOU,4,SDP,8
2012,HOU,0,SDP,1
2012,COL,5,SDP,9
2012,COL,8,SDP,6
2012,COL,2,SDP,3
2012,NYM,1,SDP,3
2012,NYM,6,SDP,2
2012,NYM,3,SDP,7
2012,CHC,0,SDP,2
2012,CHC,4,SDP,7
2012,CHC,0,SDP,2
2012,SFG,10,SDP,1
2012,SFG,8,SDP,7
2012,SFG,1,SDP,7
2012,PIT,1,SDP,3
2012,PIT,5,SDP,7
2012,PIT,2,SDP,4
2012,ATL,0,SDP,3
2012,ATL,2,SDP,0
2012,ATL,2,SDP,8
2012,ARI,5,SDP,6
2012,ARI,8,SDP,5
2012,ARI,2,SDP,8
2012,STL,3,SDP,11
2012,STL,4,SDP,6
2012,STL,2,SDP,3
2012,COL,7,SDP,4
2012,COL,3,SDP,4
2012,COL,11,SDP,12
2012,LAD,1,SDP,2
2012,LAD,8,SDP,2
2012,LAD,8,SDP,4
2012,SFG,3,SDP,1
2012,SFG,3,SDP,7
2012,SFG,7,SDP,5
2012,OAK,4,SEA,0
2012,OAK,0,SEA,4
2012,OAK,3,SEA,5
2012,CLE,9,SEA,8
2012,CLE,1,SEA,4
2012,CLE,2,SEA,1
2012,CHW,7,SEA,3
2012,CHW,4,SEA,0
2012,CHW,7,SEA,4
2012,MIN,3,SEA,2
2012,MIN,0,SEA,7
2012,MIN,2,SEA,5
2012,DET,2,SEA,3
2012,DET,6,SEA,4
2012,DET,1,SEA,2
2012,TEX,1,SEA,6
2012,TEX,3,SEA,1
2012,TEX,3,SEA,5
2012,LAA,3,SEA,0
2012,LAA,6,SEA,4
2012,LAA,5,SEA,3
2012,LAA,4,SEA,2
2012,LAD,0,SEA,1
2012,LAD,8,SEA,3
2012,LAD,8,SEA,2
2012,SDP,5,SEA,4
2012,SDP,1,SEA,0
2012,SDP,6,SEA,2
2012,SFG,4,SEA,2
2012,SFG,4,SEA,7
2012,SFG,1,SEA,2
2012,OAK,1,SEA,0
2012,OAK,2,SEA,3
2012,OAK,2,SEA,1
2012,BOS,0,SEA,1
2012,BOS,5,SEA,0
2012,BOS,2,SEA,3
2012,BOS,2,SEA,1
2012,BAL,3,SEA,6
2012,BAL,5,SEA,4
2012,BAL,4,SEA,2
2012,TEX,3,SEA,2
2012,TEX,0,SEA,7
2012,TEX,4,SEA,0
2012,NYY,4,SEA,1
2012,NYY,2,SEA,4
2012,NYY,5,SEA,2
2012,KCR,1,SEA,4
2012,KCR,1,SEA,6
2012,KCR,3,SEA,4
2012,KCR,6,SEA,7
2012,TOR,1,SEA,4
2012,TOR,2,SEA,7
2012,TOR,3,SEA,5
2012,TBR,4,SEA,1
2012,TBR,2,SEA,3
2012,TBR,0,SEA,1
2012,MIN,3,SEA,5
2012,MIN,2,SEA,3
2012,MIN,1,SEA,5
2012,CLE,3,SEA,5
2012,CLE,1,SEA,5
2012,CLE,1,SEA,3
2012,LAA,9,SEA,1
2012,LAA,5,SEA,2
2012,LAA,1,SEA,2
2012,BOS,1,SEA,4
2012,BOS,4,SEA,3
2012,BOS,1,SEA,2
2012,OAK,6,SEA,1
2012,OAK,6,SEA,1
2012,OAK,4,SEA,2
2012,BAL,10,SEA,4
2012,BAL,4,SEA,2
2012,BAL,3,SEA,1
2012,TEX,3,SEA,6
2012,TEX,0,SEA,1
2012,TEX,3,SEA,2
2012,LAA,8,SEA,4
2012,LAA,1,SEA,6
2012,LAA,0,SEA,12
2012,PIT,0,SFG,5
2012,PIT,3,SFG,4
2012,PIT,4,SFG,1
2012,PHI,5,SFG,2
2012,PHI,2,SFG,4
2012,PHI,0,SFG,1
2012,SDP,5,SFG,3
2012,SDP,1,SFG,2
2012,SDP,1,SFG,4
2012,MIA,2,SFG,1
2012,MIA,3,SFG,2
2012,MIA,3,SFG,2
2012,MIL,6,SFG,4
2012,MIL,2,SFG,5
2012,MIL,3,SFG,4
2012,COL,2,SFG,3
2012,COL,5,SFG,4
2012,STL,4,SFG,1
2012,STL,5,SFG,7
2012,OAK,6,SFG,8
2012,OAK,0,SFG,4
2012,OAK,6,SFG,2
2012,ARI,2,SFG,4
2012,ARI,1,SFG,3
2012,ARI,4,SFG,1
2012,CHC,3,SFG,4
2012,CHC,1,SFG,2
2012,CHC,0,SFG,2
2012,CHC,2,SFG,3
2012,TEX,5,SFG,0
2012,TEX,2,SFG,5
2012,TEX,5,SFG,0
2012,HOU,3,SFG,6
2012,HOU,0,SFG,10
2012,HOU,6,SFG,3
2012,LAD,0,SFG,8
2012,LAD,0,SFG,2
2012,LAD,0,SFG,3
2012,CIN,0,SFG,5
2012,CIN,5,SFG,1
2012,CIN,2,SFG,1
2012,CIN,3,SFG,4
2012,HOU,1,SFG,5
2012,HOU,2,SFG,3
2012,HOU,2,SFG,3
2012,SDP,1,SFG,7
2012,SDP,2,SFG,3
2012,SDP,6,SFG,3
2012,LAD,5,SFG,3
2012,LAD,10,SFG,0
2012,LAD,4,SFG,0
2012,NYM,8,SFG,7
2012,NYM,1,SFG,4
2012,NYM,2,SFG,1
2012,NYM,9,SFG,1
2012,COL,3,SFG,0
2012,COL,3,SFG,9
2012,COL,6,SFG,9
2012,WSN,14,SFG,2
2012,WSN,1,SFG,6
2012,WSN,6,SFG,4
2012,ATL,2,SFG,5
2012,ATL,3,SFG,5
2012,ATL,7,SFG,3
2012,ATL,7,SFG,1
2012,ARI,8,SFG,9
2012,ARI,8,SFG,6
2012,ARI,6,SFG,2
2012,LAD,2,SFG,5
2012,LAD,3,SFG,2
2012,LAD,0,SFG,4
2012,COL,1,SFG,2
2012,COL,3,SFG,6
2012,COL,1,SFG,7
2012,COL,2,SFG,9
2012,SDP,1,SFG,5
2012,SDP,4,SFG,8
2012,SDP,6,SFG,4
2012,ARI,7,SFG,2
2012,ARI,0,SFG,6
2012,ARI,3,SFG,7
2012,NYY,6,TBR,7
2012,NYY,6,TBR,8
2012,NYY,0,TBR,3
2012,MIN,5,TBR,4
2012,MIN,1,TBR,4
2012,MIN,2,TBR,6
2012,LAA,0,TBR,5
2012,LAA,2,TBR,3
2012,LAA,3,TBR,4
2012,SEA,2,TBR,3
2012,SEA,1,TBR,3
2012,SEA,4,TBR,5
2012,SEA,3,TBR,4
2012,OAK,2,TBR,7
2012,OAK,4,TBR,3
2012,OAK,9,TBR,5
2012,BOS,1,TBR,2
2012,BOS,5,TBR,3
2012,ATL,5,TBR,3
2012,ATL,2,TBR,5
2012,ATL,2,TBR,0
2012,TOR,6,TBR,2
2012,TOR,5,TBR,8
2012,TOR,4,TBR,5
2012,CHW,2,TBR,1
2012,CHW,7,TBR,2
2012,CHW,4,TBR,3
2012,BAL,0,TBR,5
2012,BAL,2,TBR,1
2012,BAL,4,TBR,8
2012,NYM,11,TBR,2
2012,NYM,9,TBR,1
2012,NYM,9,TBR,6
2012,MIA,0,TBR,11
2012,MIA,4,TBR,3
2012,MIA,0,TBR,3
2012,DET,5,TBR,2
2012,DET,2,TBR,4
2012,DET,6,TBR,2
2012,DET,5,TBR,3
2012,NYY,3,TBR,4
2012,NYY,4,TBR,7
2012,NYY,4,TBR,3
2012,BOS,3,TBR,1
2012,BOS,3,TBR,5
2012,BOS,7,TBR,3
2012,CLE,3,TBR,2
2012,CLE,2,TBR,4
2012,CLE,10,TBR,6
2012,CLE,0,TBR,6
2012,SEA,3,TBR,4
2012,SEA,2,TBR,1
2012,SEA,2,TBR,1
2012,BAL,0,TBR,2
2012,BAL,4,TBR,0
2012,BAL,1,TBR,0
2012,TOR,1,TBR,4
2012,TOR,2,TBR,3
2012,TOR,1,TBR,7
2012,KCR,1,TBR,5
2012,KCR,1,TBR,0
2012,KCR,3,TBR,5
2012,OAK,0,TBR,5
2012,OAK,5,TBR,4
2012,OAK,4,TBR,2
2012,NYY,3,TBR,4
2012,NYY,2,TBR,5
2012,NYY,6,TBR,4
2012,TEX,1,TBR,3
2012,TEX,4,TBR,2
2012,TEX,0,TBR,6
2012,BOS,5,TBR,2
2012,BOS,7,TBR,5
2012,BOS,3,TBR,13
2012,BOS,4,TBR,7
2012,TOR,1,TBR,12
2012,TOR,5,TBR,11
2012,TOR,0,TBR,3
2012,BAL,3,TBR,5
2012,BAL,1,TBR,0
2012,BAL,1,TBR,4
2012,CHW,2,TEX,3
2012,CHW,4,TEX,3
2012,CHW,0,TEX,5
2012,SEA,5,TEX,11
2012,SEA,0,TEX,1
2012,SEA,4,TEX,3
2012,SEA,3,TEX,5
2012,NYY,7,TEX,4
2012,NYY,0,TEX,2
2012,NYY,3,TEX,7
2012,TBR,8,TEX,4
2012,TBR,2,TEX,7
2012,TBR,5,TEX,2
2012,LAA,3,TEX,10
2012,LAA,4,TEX,2
2012,LAA,6,TEX,13
2012,KCR,3,TEX,1
2012,KCR,7,TEX,4
2012,OAK,1,TEX,4
2012,OAK,5,TEX,4
2012,TOR,3,TEX,14
2012,TOR,7,TEX,8
2012,TOR,6,TEX,12
2012,SEA,2,TEX,4
2012,SEA,10,TEX,3
2012,SEA,21,TEX,8
2012,ARI,1,TEX,9
2012,ARI,0,TEX,1
2012,ARI,11,TEX,3
2012,HOU,2,TEX,6
2012,HOU,3,TEX,8
2012,HOU,3,TEX,9
2012,COL,1,TEX,4
2012,COL,11,TEX,7
2012,COL,2,TEX,4
2012,DET,8,TEX,2
2012,DET,5,TEX,7
2012,DET,9,TEX,13
2012,OAK,6,TEX,7
2012,OAK,3,TEX,4
2012,OAK,2,TEX,7
2012,OAK,3,TEX,1
2012,MIN,5,TEX,1
2012,MIN,3,TEX,4
2012,MIN,3,TEX,4
2012,BOS,1,TEX,9
2012,BOS,2,TEX,1
2012,BOS,3,TEX,5
2012,CHW,9,TEX,5
2012,CHW,5,TEX,2
2012,CHW,0,TEX,2
2012,LAA,15,TEX,8
2012,LAA,6,TEX,2
2012,LAA,10,TEX,11
2012,LAA,9,TEX,15
2012,DET,6,TEX,2
2012,DET,1,TEX,2
2012,DET,3,TEX,8
2012,BAL,1,TEX,5
2012,BAL,5,TEX,3
2012,BAL,3,TEX,12
2012,MIN,6,TEX,10
2012,MIN,0,TEX,8
2012,MIN,3,TEX,9
2012,MIN,6,TEX,5
2012,TBR,5,TEX,6
2012,TBR,0,TEX,1
2012,TBR,8,TEX,4
2012,CLE,4,TEX,6
2012,CLE,2,TEX,5
2012,CLE,5,TEX,4
2012,SEA,3,TEX,9
2012,SEA,8,TEX,6
2012,SEA,1,TEX,2
2012,OAK,4,TEX,5
2012,OAK,3,TEX,2
2012,OAK,9,TEX,3
2012,OAK,7,TEX,9
2012,LAA,7,TEX,4
2012,LAA,5,TEX,4
2012,LAA,7,TEX,8
2012,BOS,4,TOR,2
2012,BOS,3,TOR,7
2012,BOS,1,TOR,3
2012,BAL,7,TOR,5
2012,BAL,6,TOR,4
2012,BAL,2,TOR,9
2012,TBR,3,TOR,7
2012,TBR,12,TOR,2
2012,TBR,9,TOR,4
2012,SEA,9,TOR,5
2012,SEA,0,TOR,7
2012,SEA,2,TOR,7
2012,TEX,4,TOR,1
2012,TEX,7,TOR,8
2012,TEX,5,TOR,11
2012,TBR,7,TOR,1
2012,TBR,4,TOR,3
2012,NYY,1,TOR,8
2012,NYY,1,TOR,4
2012,NYM,5,TOR,14
2012,NYM,0,TOR,2
2012,NYM,6,TOR,5
2012,BAL,2,TOR,6
2012,BAL,6,TOR,8
2012,BAL,1,TOR,4
2012,BOS,7,TOR,2
2012,BOS,7,TOR,4
2012,BOS,1,TOR,5
2012,WSN,6,TOR,3
2012,WSN,4,TOR,2
2012,WSN,6,TOR,2
2012,PHI,0,TOR,3
2012,PHI,5,TOR,6
2012,PHI,2,TOR,6
2012,LAA,9,TOR,7
2012,LAA,5,TOR,7
2012,LAA,2,TOR,11
2012,LAA,10,TOR,6
2012,KCR,11,TOR,3
2012,KCR,3,TOR,6
2012,KCR,1,TOR,4
2012,KCR,9,TOR,6
2012,CLE,1,TOR,0
2012,CLE,9,TOR,11
2012,CLE,0,TOR,3
2012,OAK,7,TOR,2
2012,OAK,16,TOR,0
2012,OAK,4,TOR,10
2012,DET,3,TOR,8
2012,DET,1,TOR,5
2012,DET,4,TOR,1
2012,NYY,10,TOR,4
2012,NYY,5,TOR,2
2012,NYY,7,TOR,10
2012,CHW,2,TOR,3
2012,CHW,3,TOR,2
2012,CHW,9,TOR,5
2012,CHW,7,TOR,2
2012,TEX,2,TOR,3
2012,TEX,2,TOR,1
2012,TEX,11,TOR,2
2012,TBR,0,TOR,2
2012,TBR,1,TOR,2
2012,TBR,5,TOR,4
2012,TBR,9,TOR,4
2012,BAL,4,TOR,0
2012,BAL,12,TOR,0
2012,BAL,4,TOR,6
2012,SEA,4,TOR,3
2012,SEA,3,TOR,2
2012,SEA,3,TOR,8
2012,BOS,8,TOR,5
2012,BOS,3,TOR,2
2012,BOS,0,TOR,5
2012,NYY,0,TOR,6
2012,NYY,11,TOR,4
2012,NYY,2,TOR,3
2012,NYY,9,TOR,6
2012,MIN,5,TOR,6
2012,MIN,3,TOR,4
2012,MIN,1,TOR,2
